date,ticker,finbert_sentiment_score_mean,finbert_sentiment_score_max,finbert_sentiment_score_min,finbert_sentiment_score_std,vader_sentiment_score_mean,vader_sentiment_score_max,vader_sentiment_score_min,vader_sentiment_score_std,textblob_sentiment_score_mean,textblob_sentiment_score_max,textblob_sentiment_score_min,textblob_sentiment_score_std,ensemble_sentiment_mean,ensemble_sentiment_max,ensemble_sentiment_min,ensemble_sentiment_std,sentiment_variance_mean,sentiment_variance_max,sentiment_variance_min,sentiment_variance_std,model_consensus_mean,model_consensus_max,model_consensus_min,model_consensus_std,confidence_mean,confidence_max,confidence_min,confidence_std,num_headlines,headline_length_avg
2025-11-05,AAPL,0.1493759883883397,0.997147397196386,-0.9999999958670625,0.7737601988038663,-0.0277888888888889,0.6705,-0.6705,0.5051197863983464,0.10415263748597081,0.5,-0.5,0.32932050236407995,0.062448622471865,0.6961159108198647,-0.4107837262296257,0.37525356275513905,0.2917014781567942,0.6758723356889833,0.0117142830313266,0.2365171412399453,0.1111111111111111,1,0,0.33333333333333337,0.7651502979045234,0.9883540620506176,0.5087124589605263,0.1719519944327326,9,82.44444444444444
2025-11-06,AAPL,0.9996966601012218,0.9998094636852102,0.9994810030912048,0.00018683070113864738,0.3327,0.6369,0.0,0.3194050563156445,0.2388888888888889,0.5666666666666667,-0.1,0.3334721932990871,0.7017152149412955,0.8500278815673682,0.5430456375011772,0.1537529633671696,0.17472598211735635,0.3307818699460422,0.0473458576851976,0.14387744026205987,0.6666666666666666,1,0,0.5773502691896258,0.845411210609357,0.9537574761877792,0.7183618482604479,0.1188071116702628,3,91.66666666666667
2025-11-06,TSLA,0.9998072549963126,0.9998072549963126,0.9998072549963126,,0.0,0.0,0.0,,0.0,0.0,0.0,,0.5615118208461398,0.5615118208461398,0.5615118208461398,,0.2878623792758808,0.2878623792758808,0.2878623792758808,,0.0,0,0,,0.749864782072649,0.749864782072649,0.749864782072649,,1,53.0
2025-11-07,AAPL,0.004412094960191139,0.0178386705665616,-0.0004028348062092,0.008954682644743577,-0.032049999999999995,0.0772,-0.1027,0.08745591270272507,0.06875,0.275,0.0,0.1375,-0.0322972997189038,-0.0159309216138844,-0.0573550946056798,0.019671608852794262,0.0120466396124625,0.0168726991863876,0.0097553518088175,0.003263368760785027,0.25,1,0,0.5,0.9880295724969023,0.990292077281188,0.9832688475923655,0.00321948015587457,4,85.0
2025-11-07,TSLA,0.4839271455271342,0.9999880928650242,-0.9999213576011244,0.6591325977293897,-0.204025,0.4404,-0.6597,0.36036883914577394,0.0684027777777778,0.6,-0.3,0.2897526937354268,0.20563824713369125,0.657530700754261,-0.4433355987209444,0.37137232746250287,0.27418206878180046,0.5101565549768267,0.0111724023042096,0.1742066390164904,0.16666666666666666,1,0,0.3892494720807615,0.7708529175158932,0.98888977720216,0.6004015755993679,0.1345806385258959,12,91.58333333333333
2025-11-08,AAPL,0.9534489531506553,0.9534489531506553,0.9534489531506553,,-0.7184,-0.7184,-0.7184,,-0.0666666666666666,-0.0666666666666666,-0.0666666666666666,,0.3137350714797504,0.3137350714797504,0.3137350714797504,,0.5693437000832615,0.5693437000832615,0.5693437000832615,,0.0,0,0,,0.5658967148187856,0.5658967148187856,0.5658967148187856,,1,98.0
2025-11-08,TSLA,0.2433389523842683,0.9998411872875296,-0.9998501906884484,1.0850527690972105,-0.03423333333333333,0.0,-0.1027,0.05929387264577456,0.08333333333333333,0.25,0.0,0.14433756729740646,0.11312008959391233,0.5318466674535349,-0.6382831597680203,0.6521551034529889,0.20025566639782255,0.3120994212423087,0.1100122205519232,0.1027605915823029,0.3333333333333333,1,0,0.5773502691896258,0.8213753506263219,0.8958231877758558,0.7319087573329754,0.08298287416047932,3,80.33333333333333
2025-11-09,TSLA,0.9991354097789014,0.9999143355998968,0.998356483957906,0.0011015674601343659,-0.1279,-0.1027,-0.1531,0.035638181771802,0.0,0.0,0.0,0.0,0.5241391216829362,0.5309558450747183,0.5173223982911541,0.009640302671604137,0.3188184664139968,0.3263170607801398,0.3113198720478539,0.010604613851333856,0.0,0,0,0.0,0.7270279531275107,0.7324795386623264,0.721576367592695,0.0077097061997733855,2,84.0
2025-11-10,AAPL,0.5035257692493218,0.9999921740160004,-0.9999571206881228,0.8195420442602794,0.12126999999999999,0.7783,-0.4215,0.3495781427504999,0.15045454545454545,0.75,-0.2,0.28789832469592125,0.3265722111450503,0.6654129667645571,-0.5460396254875757,0.4185827069569927,0.3101193005612227,0.606732737071907,0.1961454646197954,0.12273680720791356,0.0,0,0,0.0,0.7380584750534496,0.8218926696774514,0.5451290425242358,0.08297383006310766,10,84.3
2025-11-10,TSLA,0.6599426012137736,0.9999983055883774,-0.9999995940979288,0.8132775840307915,0.13749999999999998,0.8779,-0.2023,0.3900309782568559,0.18425925925925926,0.55,0.0,0.2254328255772363,0.43135451449947454,0.6778913005879273,-0.3374356548274962,0.37989216769613954,0.32386302077914036,0.6682254678297347,0.1441384720545303,0.17868956502759462,0.16666666666666666,1,0,0.408248290463863,0.7323513998091906,0.8657678551048421,0.5126174272724562,0.11754262640819392,6,83.16666666666667
2025-11-11,AAPL,0.09286830546739108,0.9985173616487372,-0.9809141727164388,1.0520380443768296,0.3022,0.6369,0.0,0.3499580260545541,0.4411458333333333,1.0,0.0562499999999999,0.41558322680634957,0.18614166491917905,0.6499344731069566,-0.2582097321769444,0.5066965481823248,0.3598791218872419,0.7665982758396356,0.1718946050173366,0.2748366548269216,0.0,0,0,0.0,0.716053092458077,0.8420679182254186,0.4645907930229856,0.1714137308094741,4,99.5
2025-11-11,MSFT,0.3775677295211608,0.999971805934365,-0.9822333147749304,0.9551091295138774,0.3548166666666666,0.6124,-0.296,0.36644941488105376,0.16136363636363635,0.8,-0.25,0.36263213607690986,0.32051818186348496,0.8652808648619987,-0.4754699958218668,0.5603133662046269,0.28696271937301426,0.4143525621098949,0.0175413805223655,0.14290861769954014,0.16666666666666666,1,0,0.408248290463863,0.757294224501893,0.9826115738435672,0.6607679484522869,0.11698228245713271,6,75.16666666666667
2025-11-11,TSLA,0.1651327562235186,0.999799038610945,-0.9951467365026474,0.7459641988530638,-0.14225,0.296,-0.6486,0.3646823590468834,-0.22083333333333333,0.0,-0.625,0.278575244174113,-0.021179793630084653,0.5615068910128105,-0.5499020618847754,0.4057562199520736,0.25416125718855326,0.5817668018743006,0.012708722079592,0.19251122877084514,0.0,0,0,0.0,0.7872091604278122,0.987371692711974,0.5589100104537551,0.14427818009340315,6,84.66666666666667
2025-11-12,AAPL,0.7316808383011549,0.9999980020930508,-0.8094314783811569,0.6798973515450605,0.06398571428571428,0.5994,-0.6059,0.3629826875053016,0.004761904761904761,0.5,-0.6,0.3434188520400532,0.4200101420661964,0.7123920878890428,-0.5609549604365959,0.4473848348336114,0.2990263953202793,0.639863145022193,0.1061087748545361,0.19914761014552232,0.2857142857142857,1,0,0.4879500364742666,0.7536479837157836,0.8993268186114527,0.527364591574169,0.13975834924820868,7,82.85714285714286
2025-11-12,MSFT,0.6545420975794058,0.9999827636024748,0.0224937028210661,0.4785324810067796,0.05073999999999999,0.5719,-0.3182,0.3222763224315432,0.1,1.0,-0.5,0.5477225575051661,0.3874806116728083,0.5616171260548805,-0.1171842535899324,0.2860156895502223,0.24226095679709392,0.3832985509068856,0.09294202010003,0.11496207780582607,0.2,1,0,0.447213595499958,0.7890298107619499,0.911246332735736,0.681609373809452,0.09133154496621873,5,82.4
2025-11-12,TSLA,0.43867657038708785,0.9999715786238994,-0.6839020252227783,0.9721815815595735,0.0,0.0,0.0,0.0,0.10606060606060606,0.3181818181818182,0.0,0.18370235837851728,0.24441368564929808,0.6203516738061234,-0.4487141794019087,0.6009846197092393,0.1872598256151762,0.2879386801318609,0.0776956777891877,0.10540275772677674,0.3333333333333333,1,0,0.5773502691896258,0.8323154931103622,0.9252459565984994,0.749807568930641,0.0881823619614549,3,75.66666666666667
2025-11-13,AAPL,0.9977945367009889,0.9999896257222076,0.9888434398075674,0.004427853517931165,0.1165,0.3818,-0.0382,0.1613455174462557,0.08939393939393937,0.5,-0.1318181818181818,0.2163687292499662,0.6104820990828493,0.7123318004015082,0.5564792025771341,0.06000615079924856,0.2513626893041914,0.3266561419445533,0.1128858981946896,0.07284725470697491,0.16666666666666666,1,0,0.408248290463863,0.7795091385313665,0.8932525760330334,0.7213317361150654,0.05915376835932139,6,90.66666666666667
2025-11-13,META,0.7926967136228796,0.9999924857040554,7.544647928625636e-06,0.443407545452188,0.04642,0.5209,-0.4867,0.45524521633950205,0.21166666666666667,0.5,0.0,0.22373098926066448,0.4897401020994606,0.8044971911103498,-0.1239272861217397,0.3710444520961809,0.17810391620881103,0.4252514608355162,0.0218783279773478,0.17175928925186829,0.4,1,0,0.5477225575051661,0.846469601539504,0.978359266760516,0.6536054083014767,0.13839820946921194,5,85.8
2025-11-13,MSFT,-0.19353877911379272,0.0363375842571258,-0.9999999604876209,0.45115967091672976,-0.13534000000000002,0.6369,-0.6124,0.48351738128013555,0.041666666666666664,0.5,-0.2916666666666667,0.2856522750167102,-0.185923927689375,0.2598338907726989,-0.6383730216859616,0.32252559180762636,0.08254599694147949,0.1787137360372698,0.0288332160252921,0.0611547664916458,0.8,1,0,0.4472135954999579,0.9221288214578187,0.971578494677291,0.8363452806465368,0.055254310608213265,5,74.8
2025-11-13,TSLA,0.5266192219912398,0.9999822010518074,1.743835582601605e-06,0.4961861417570045,-0.17785,0.1779,-0.6597,0.29424482032096044,0.0564360119047619,0.2202380952380952,-0.125,0.10913700012657018,0.23661015845730685,0.5834060740608084,-0.2182008912137471,0.3443649431030275,0.17304098059784126,0.3121735120058349,0.0185883973089186,0.1269051853442891,0.0,0,0,0.0,0.8470643895934727,0.981583301434265,0.7318545316631486,0.10781446552841041,8,96.0
2025-11-14,AAPL,0.5963834826237289,0.9999975221816726,-0.0070363015402108,0.4992326908881712,-0.008862499999999999,0.2023,-0.2732,0.1394016595258874,0.12598484848484848,0.3181818181818182,0.0,0.13131298423790186,0.34015448280770455,0.6788422081518624,-0.0754093922218134,0.3170085364480322,0.14853105129860666,0.287956159251237,0.0075787583366925,0.1177246963736073,0.125,1,0,0.3535533905932738,0.8672175236902497,0.9924498880386036,0.7497944630691744,0.10212705139725169,8,77.0
2025-11-14,META,0.35446453132908573,0.9998884046399326,-0.9999032980631456,0.8604464767530929,0.027579999999999993,0.4939,-0.6249,0.4413807279435748,0.032916666666666684,0.8,-0.5833333333333334,0.49436143575997776,0.18835496398504234,0.70391926134016,-0.3832114550966556,0.4450011449846178,0.347871877049465,0.5851227508334561,0.0092721209074944,0.24124398563014549,0.0,0,0,0.0,0.7230805241683237,0.9907707326554854,0.5570374808003121,0.17874324075521644,5,67.2
2025-11-14,MSFT,0.2365515351867799,0.9999969791193876,-0.9994204899121542,0.8381734737820826,0.16132,0.5859,-0.2732,0.364600311299922,0.06277777777777778,0.2388888888888889,-0.05,0.11777908804302618,0.16177760483366513,0.5847025784455998,-0.4245679363797214,0.4181210348580259,0.24343666181090176,0.4722048479746443,0.0748652159743872,0.15824564022331233,0.0,0,0,0.0,0.7916612215216381,0.9278685397577892,0.6236257513602486,0.12161292321285376,5,86.2
2025-11-14,TSLA,0.6091782310255554,0.9997911771752116,-0.1629979610443115,0.5172227572230323,0.0843,0.4215,0.0,0.18850053050323226,0.05,0.25,0.0,0.1118033988749895,0.3607320542827154,0.6222959898686347,-0.0900177610532416,0.3146529499310862,0.1701958760470817,0.2878543567969689,0.0097679602381721,0.1319970929142865,0.0,0,0,0.0,0.8494589064872147,0.9902795913322054,0.7498707978711806,0.11375578941090737,5,71.6
2025-11-15,AAPL,0.7348920042766167,0.9998260352328998,-0.8731570802628994,0.6186878114753857,0.09808888888888889,0.7033,-0.296,0.276409467296457,0.17702020202020202,0.5,-0.0999999999999999,0.2334458357275818,0.4635959227229614,0.6532516319494358,-0.2851317095330847,0.2901695790907357,0.26117617506764185,0.4854056886014137,0.017862596019912,0.12891512153248166,0.1111111111111111,1,0,0.33333333333333337,0.7759049454314362,0.982295994465187,0.6154474660895046,0.10172878771783633,9,77.55555555555556
2025-11-15,META,0.0709832738183422,0.0709832738183422,0.0709832738183422,,0.0,0.0,0.0,,-0.0499999999999999,-0.0499999999999999,-0.0499999999999999,,-0.0050135754700082,-0.0050135754700082,-0.0050135754700082,,0.0240290770748506,0.0240290770748506,0.0240290770748506,,0.0,0,0,,0.9762573226379604,0.9762573226379604,0.9762573226379604,,1,127.0
2025-11-15,MSFT,-0.3073107448144583,0.3848237544298172,-0.9994452440587338,0.9788259958175651,0.4327,0.5574,0.308,0.17635243122792493,0.325,0.5,0.15,0.24748737341529164,-0.037687051817090006,0.3092415036181341,-0.3846156072523141,0.49063106827100006,0.2759124612372663,0.5143131727285022,0.0375117497460305,0.3371495194703011,0.0,0,0,0.0,0.7805471078905684,0.963183100497523,0.5979111152836137,0.25828629772222755,2,71.0
2025-11-15,TSLA,0.9905053507827688,0.9934047875576651,0.9876059140078725,0.00410042281030172,0.20095,0.4019,0.0,0.28418621535887345,0.375,0.5,0.25,0.1767766952966369,0.683246194843534,0.7165143586395895,0.6499780310474784,0.04704828843563134,0.1558308183859689,0.1719206938673138,0.139740942904624,0.022754520122612275,0.5,1,0,0.7071067811865476,0.8558147139602951,0.8695834779921957,0.8420459499283944,0.01947197283102874,2,105.0
2025-11-16,AAPL,-0.4034280992636923,0.0116822586278431,-0.8185384571552277,0.5870546980117587,0.007800000000000029,0.5423,-0.5267,0.7558971490884193,0.0,0.0,0.0,0.0,-0.2781751559370142,-0.1836064644496323,-0.3727438474243961,0.13374032607733255,0.20664363039625336,0.3446748647875989,0.0686123960049078,0.19520564370734048,0.0,0,0,0.0,0.821069584814072,0.9336885113472192,0.7084506582809248,0.15926721328307597,2,90.0
2025-11-16,GOOGL,0.9993831117420768,0.9993831117420768,0.9993831117420768,,-0.128,-0.128,-0.128,,0.2,0.2,0.2,,0.5611819147717588,0.5611819147717588,0.5611819147717588,,0.2612531460728235,0.2612531460728235,0.2612531460728235,,0.0,0,0,,0.770085950704156,0.770085950704156,0.770085950704156,,1,138.0
2025-11-16,MSFT,0.497107747123664,0.6723101728857728,0.3219053213615552,0.24777364667343957,-0.05825000000000001,0.2235,-0.34,0.39845467119861955,0.0,0.0,0.0,0.0,0.24305478049344775,0.4296163317885795,0.056493229198316,0.26383787605893916,0.11634608510144606,0.1360392181944302,0.0966529520084619,0.027850295905716606,0.0,0,0,0.0,0.8903397140653453,0.9078710262828028,0.8728084018478878,0.02479301950412556,2,79.5
2025-11-16,TSLA,0.9999802281604389,0.9999802281604389,0.9999802281604389,,-0.3612,-0.3612,-0.3612,,-0.2,-0.2,-0.2,,0.4202873943244815,0.4202873943244815,0.4202873943244815,,0.4706267862426266,0.4706267862426266,0.4706267862426266,,0.0,0,0,,0.6246106482031909,0.6246106482031909,0.6246106482031909,,1,88.0
2025-11-17,AAPL,0.6033416631309478,0.99999094855184,-0.9999371616358984,0.6880111237921506,0.16185000000000002,0.5106,0.0,0.19198371210674547,0.05208333333333333,0.3666666666666667,-0.2,0.20186383513771836,0.3800306136622586,0.6471810611912436,-0.4261306410594167,0.35507286205392363,0.24736912673754052,0.451352809162958,0.0097592162706723,0.12813103924893873,0.125,1,0,0.3535533905932738,0.7865630973397875,0.9902882503426248,0.6367661456119762,0.10331772852427899,8,97.0
2025-11-17,AMZN,0.9998400543006483,0.9999432574945786,0.999736851106718,0.0001459513565364685,0.2899,0.4019,0.1779,0.15839191898578664,0.0449494949494949,0.0898989898989898,0.0,0.06356818537939662,0.6536256832805614,0.694235814455139,0.6130155521059836,0.0574313982768383,0.23491835861737975,0.2608000383323223,0.2090366789024372,0.03660222246986836,0.0,0,0,0.0,0.7909002183878031,0.8113654751025206,0.7704349616730858,0.028942243603400336,2,75.5
2025-11-17,GOOGL,-0.004106076828884044,0.99997223945752,-0.999999995747654,0.9347925094995815,-0.006089999999999996,0.7096,-0.6597,0.4043582060225534,0.11712121212121211,0.5,-0.2333333333333333,0.22497270521107848,-0.02097437738858541,0.710167211918111,-0.6383728982578185,0.5662642209308688,0.22777210504999065,0.5526860738194972,0.0280044055416693,0.1838128748060981,0.3,1,0,0.48304589153964794,0.807819618453458,0.9723840829132148,0.5754021600816582,0.1364678820845187,10,86.7
2025-11-17,META,0.9612714353497722,0.9985957860044437,0.9239470846951008,0.05278460290260545,-0.17,0.0,-0.34,0.2404163056034262,0.0,0.0,0.0,0.0,0.48925169042495925,0.5159956991962329,0.4625076816536856,0.037821739916560196,0.32129462622194926,0.3913008619057773,0.2512883905381213,0.09900376795475689,0.0,0,0,0.0,0.7269873596224243,0.7777980296191542,0.6761766896256944,0.07185713862263912,2,88.0
2025-11-17,MSFT,0.7318887405175616,0.9999965340526272,0.0320177250541746,0.46917111742259554,0.15707500000000002,0.4939,-0.3182,0.3410384179238462,0.008333333333333325,0.0666666666666666,-0.0333333333333333,0.04194352464039301,0.44770175264217726,0.6417204290497461,0.0400961947280056,0.28342799532402385,0.21955129090624514,0.3833781728478074,0.0452341679714559,0.13819171988428233,0.0,0,0,0.0,0.8086726001371554,0.9557736440509046,0.681555104908685,0.11255177260624873,4,88.75
2025-11-17,TSLA,0.13147644325175634,0.9998725596104237,-0.6453492790460587,0.8264245745374461,0.09919999999999995,0.6808,-0.765,0.7632047431718438,0.09583333333333333,0.1875,0.0,0.09381941874331418,0.0868792537638715,0.7767982976715845,-0.280607558044002,0.5979119451458271,0.19268996653600223,0.2280703563796604,0.1558926924795634,0.03610968654216153,0.0,0,0,0.0,0.8250963843746549,0.855651003232341,0.7960682493851412,0.029820693381506773,3,118.0
2025-11-18,AAPL,0.4708898941825055,0.9999842913946396,-0.9999844814055904,0.6464463601527539,0.09807999999999999,0.5859,-0.4215,0.30929211219600583,-0.03920454545454546,0.2749999999999999,-0.4,0.23671257387568997,0.2652736046530324,0.7678959583633258,-0.5849119345582863,0.4191639053006054,0.20586201961396097,0.5132373166635397,0.0100694162240437,0.17521233167766057,0.2,1,0,0.42163702135578396,0.8248722340741772,0.989981110613372,0.5985547277384016,0.1371315777941039,10,100.3
2025-11-18,AMZN,0.4523611956217363,0.999955040227178,-0.9999948574932204,0.8049894453056881,-0.029672727272727264,0.5106,-0.6249,0.32184632385941303,0.17006919847828939,0.8,-0.1458333333333333,0.2747879583990041,0.2558645109203426,0.768871218303894,-0.5994089209269726,0.49895133639577255,0.2189971061889205,0.418446625080228,0.0656037322781213,0.11458151232145831,0.18181818181818182,1,0,0.40451991747794525,0.8081135074273692,0.9365018962457304,0.6580682529950245,0.0921310272110377,11,80.63636363636364
2025-11-18,GOOGL,0.7656319549890596,0.9999967095682932,-0.9998153764972812,0.6624373473613492,0.14752222222222222,0.743,0.0,0.253665280329107,0.08737373737373735,0.5,-0.2,0.20307270023179055,0.47977852692608913,0.8314600835324293,-0.565999581916139,0.40418766693283514,0.24887087620204001,0.3769198089558855,0.1403697943176864,0.07093293745929413,0.1111111111111111,1,0,0.33333333333333337,0.7814197801864372,0.8690368110974244,0.6859710804276469,0.05516602282400019,9,80.77777777777777
2025-11-18,META,0.8105544847378041,0.9999158875034482,0.0989838766327011,0.39810448562045164,0.07135999999999999,0.5267,-0.3182,0.3890704859019764,0.1583333333333333,0.3,0.0,0.1359125535858341,0.49781754139276585,0.7685317382188265,-0.0494199268029219,0.32564157093804574,0.1813242954552994,0.3417716176227885,0.0393748539104192,0.12759637596552484,0.4,1,0,0.5477225575051661,0.83955047269452,0.9613902606941712,0.710510454247579,0.10521367994498665,5,79.8
2025-11-18,MSFT,0.592050776987234,0.999987052649459,-0.0001974276092369,0.43890725432091543,-0.15149333333333334,0.4215,-0.7269,0.30892680008300316,0.07861952861952863,0.5,-0.1402777777777777,0.2051116483778301,0.287582941178289,0.6539273917918641,-0.2478536026183051,0.3042309884558489,0.19069826078028257,0.4088964128673942,0.0038305795153778,0.14052393944464844,0.13333333333333333,1,0,0.3518657752744984,0.8339504820830625,0.9961767477953992,0.6643830502929589,0.11539531239694396,15,78.06666666666666
2025-11-18,TSLA,0.878922900184989,0.878922900184989,0.878922900184989,,0.5423,0.5423,0.5423,,0.7,0.7,0.7,,0.7749641718565073,0.7749641718565073,0.7749641718565073,,0.01479928995344,0.01479928995344,0.01479928995344,,1.0,1,1,,0.9853096813100368,0.9853096813100368,0.9853096813100368,,1,36.0
2025-11-19,AAPL,0.32060657491330363,0.9999983210897768,-0.9975216939346864,1.0183101901533762,0.3134,0.7351,-0.7269,0.5742480370014337,0.19490740740740742,0.5,0.0,0.21475234564224843,0.28056265180725726,0.8660101855217586,-0.3975857165812361,0.5569545249544423,0.36028599541759143,0.5435459763419813,0.0675171849475851,0.1858009790292336,0.16666666666666666,1,0,0.408248290463863,0.7078402869646454,0.9347116575071648,0.5806855002542596,0.1366440492934827,6,103.83333333333333
2025-11-19,AMZN,0.16188779565704575,0.9999921250828264,-0.9999725545094408,0.8095615759935818,-0.04672999999999999,0.4404,-0.7351,0.42773716761061986,0.06785714285714287,0.3666666666666667,-0.25,0.17304226535268055,0.05778006083246632,0.7122020315664717,-0.5527975539273764,0.46965553363982315,0.21449087324383012,0.5843566095166874,0.0080001455508639,0.18360709150368912,0.4,1,0,0.5163977794943222,0.818738035894665,0.9920317704459688,0.5574644137539465,0.14085296336051975,10,78.1
2025-11-19,GOOGL,0.5524921833574993,0.9999590463804112,-0.9999986765465394,0.8801250169506213,0.2147,0.5423,0.0,0.24758761580499136,0.03333333333333333,0.3,0.0,0.1,0.36133570681034644,0.7643858494553012,-0.5659597757039848,0.5076023868164117,0.27819439003326685,0.4333785490464448,0.1236139342456606,0.07811092046997879,0.1111111111111111,1,0,0.3333333333333333,0.7592063228469055,0.8837209494283167,0.6483150263125368,0.05948686416789651,9,80.33333333333333
2025-11-19,META,0.34328491140972045,0.97155290133378,5.1531434337448445e-06,0.5448761105893719,-0.14653333333333332,0.1027,-0.5423,0.3465692763840057,-0.24444444444444446,0.0,-0.5333333333333333,0.2694301256218254,0.0801144701008065,0.2893454372448946,-0.0456072610074406,0.18242442789850633,0.25294436368632706,0.6798517893504704,0.0150532736822044,0.3705194299472548,0.0,0,0,0.0,0.8099413521518476,0.9850594604605474,0.5066920839636406,0.26367030990080054,3,84.33333333333333
2025-11-19,MSFT,0.0730447757744558,0.9999906567570314,-0.9999998776149136,0.7924570195046434,0.15832307692307696,0.7184,-0.4939,0.36383177008485246,0.08729603729603728,0.5,-0.125,0.17636258250311937,0.06733369224904868,0.7610653210769596,-0.499615000831816,0.42639743240557737,0.2272632330623739,0.5476470438184181,0.000981285501535,0.18196306725767233,0.15384615384615385,1,0,0.37553380809940534,0.8088477716722224,0.999019195801638,0.5783089463699377,0.1449196114705055,13,93.53846153846153
2025-11-19,NVDA,0.10304118209776529,0.9999728684192632,-0.9999999706233372,0.8437250027405394,0.0632,0.5866,-0.7351,0.34776487906502446,0.04277777777777777,0.2749999999999999,-0.1555555555555555,0.11937767298194565,0.049617390715552684,0.7680914401052874,-0.6383716360077354,0.5435517645406777,0.16646113516487723,0.2960584375565867,0.0219859076480909,0.09567888803792221,0.5,1,0,0.5270462766947299,0.8501563911309713,0.9782540208539908,0.7437439641702391,0.0815851871997216,10,70.7
2025-11-19,TSLA,0.993449515895918,0.993449515895918,0.993449515895918,,0.0,0.0,0.0,,0.0,0.0,0.0,,0.5576971757542172,0.5576971757542172,0.5576971757542172,,0.2846989670795227,0.2846989670795227,0.2846989670795227,,0.0,0,0,,0.7522406694440943,0.7522406694440943,0.7522406694440943,,1,60.0
2025-11-20,AAPL,-0.15847855492523408,0.9999985612315924,-0.9992569884580008,0.9743448810670253,0.22463333333333332,0.5256,-0.4215,0.3656617161621745,0.16227753727753727,0.5,-0.1555555555555555,0.23566787681932497,-0.03857059729908561,0.7087400001769628,-0.7379663795894508,0.6068814329832566,0.23604806916277185,0.4914951720224245,0.0302404375806445,0.1739980500052981,0.3333333333333333,1,0,0.5163977794943223,0.7995743501404107,0.9702122300208664,0.6117110967736883,0.1352623285752217,6,83.33333333333333
2025-11-20,AMZN,0.37054569400956766,0.9998657551477664,-0.999989636315135,0.8459062922516837,0.2808846153846154,0.8126,-0.7579,0.5260776445325568,0.13818181818181818,0.5,-0.5,0.29942973935350037,0.290655123061855,0.8677816012174879,-0.5937671621578294,0.5570846583686441,0.24337291650966067,0.6589619307110545,0.0366362291154791,0.20719976142967517,0.38461538461538464,1,0,0.5063696835418333,0.7986182225477189,0.9640267564382063,0.5173881405617287,0.14959599714398508,13,97.92307692307692
2025-11-20,GOOGL,0.24261499021930313,0.9999980178875774,-0.9999999769995788,1.0284222835729668,0.005375000000000005,0.5994,-0.5859,0.34427996809075523,0.06923295454545453,0.3,0.0,0.10193515265506929,0.12153138400188973,0.6168485506183241,-0.608687518817097,0.556693401945509,0.3147636769420171,0.4926527901114033,0.1994528873699134,0.11434163737346642,0.0,0,0,0.0,0.7340465056177282,0.8191788135722322,0.611003378655515,0.0808766482201263,8,85.125
2025-11-20,META,0.9991985416958045,0.9999955210461736,0.9968438295691158,0.00156986926309752,0.0,0.0,0.0,0.0,0.05,0.2,0.0,0.1,0.5703773619403805,0.5966568417523485,0.5616058906250341,0.017519655181456133,0.2711871881869297,0.2879563284407939,0.220897846299744,0.033526228638254336,0.0,0,0,0.0,0.762798786741639,0.8017985827988947,0.7497943362117921,0.025999864555392556,4,100.75
2025-11-20,MSFT,0.5571644192138794,0.9999294955177902,-0.9996430868122844,0.6728472046061346,-0.10717777777777777,0.0516,-0.4939,0.18776440542457576,0.015277777777777779,0.5,-0.3625,0.21774571050756533,0.26776670076106296,0.5615273552572587,-0.5458512050814772,0.353592315671671,0.2721046014292056,0.4755649801212224,0.0140969107171937,0.15433518371176155,0.0,0,0,0.0,0.7699734471060548,0.9860019854730346,0.6215338030053865,0.12105221710044435,9,78.44444444444444
2025-11-20,NVDA,0.16524165296822346,0.9999891535993584,-0.9999999838994782,0.8257099638176582,0.10630769230769231,0.743,-0.5994,0.32322925600641655,0.012076048951048943,0.6,-0.3,0.17901389284468533,0.09372998883315516,0.7583456881307268,-0.6383730357330819,0.46246266259490904,0.24702638060241316,0.5718566832144009,0.0079691769338856,0.13878659079345887,0.07692307692307693,1,0,0.271746488194703,0.7883860301051957,0.9920624927736096,0.5644764112673563,0.10978492160429412,26,92.46153846153847
2025-11-20,TSLA,0.8139736271382674,0.999991601604961,0.2599748986540362,0.3693344760118761,0.136,0.4404,-0.2023,0.26389761903687825,-0.05499999999999999,0.08,-0.15,0.11445523142259598,0.47916865327864766,0.660559763346123,0.073906479730862,0.2722206785164524,0.2477770360868676,0.3424615198564484,0.0473857998960976,0.1378812885042387,0.0,0,0,0.0,0.7863258137084519,0.9537193817663108,0.7100204405483636,0.11440646059253014,4,115.0
2025-11-21,AAPL,0.9925803216167992,0.9999850324052204,0.9831241155043244,0.00840899168720379,-0.028874999999999998,0.3612,-0.4767,0.34369233698178375,0.03749999999999999,0.6,-0.45,0.43084219849035216,0.5557523952693355,0.7695244946956865,0.3407510682490875,0.1750925227288525,0.3159628998035682,0.631713924808728,0.0649082341611654,0.23441573180602393,0.25,1,0,0.5,0.7437397028370497,0.9371534581048536,0.5316797605139029,0.16590200332395286,4,84.0
2025-11-21,AMZN,0.42650088411778914,0.999998752632024,-0.99988598674463,0.8669817716459749,0.2535222222222222,0.6369,0.0,0.2535217533949394,0.05258136924803593,0.5,-0.1666666666666666,0.21630942925483002,0.30051597121879653,0.6890042731289809,-0.638304637410916,0.5141210519005155,0.25737636058463664,0.5085062549002518,0.0168863995438059,0.13808537444670776,0.1111111111111111,1,0,0.3333333333333333,0.7796354289774966,0.9832553765499946,0.6013932364094458,0.10757402630871775,9,69.44444444444444
2025-11-21,GOOGL,0.17695745619224537,0.9997480336569424,-0.999999798147492,1.0736238165520782,0.13362,0.5267,-0.3612,0.3597702975510902,0.08214285714285714,0.2857142857142857,0.0,0.12601627688840963,0.12158952773990764,0.6723750589313632,-0.5869507945558625,0.6052189604207882,0.28668675658342024,0.4220151106039873,0.1028288176669603,0.12366547694970502,0.2,1,0,0.447213595499958,0.7554298390458598,0.902281414899979,0.6557241309309131,0.09580449566036815,5,103.8
2025-11-21,MSFT,0.6027934443847471,0.9999677790647185,-0.9722002241760492,0.6864572311943767,-0.09761,0.6369,-0.6249,0.3405208280462934,0.1665151515151515,1.0,0.0,0.33202256055312485,0.3258304469072875,0.9303199472764052,-0.529385480456646,0.4345503742040818,0.24375625414945387,0.5307817524809316,0.0034455155202523,0.17016843276572433,0.2,1,0,0.4216370213557839,0.793977264732977,0.996560413456932,0.5881450060952816,0.13581785743062053,10,87.7
2025-11-21,NVDA,0.29390669024924987,0.998926497529169,-0.9998862484080746,0.5528336458314351,-0.20773333333333335,0.2732,-0.7475,0.36527421141357563,0.04746031746031745,0.6,-0.5833333333333334,0.25591712566348684,0.08668772827437582,0.6163679815244263,-0.8728317739620441,0.4020824358155408,0.13768026166633843,0.313318326912904,0.0358183154513502,0.09310747587621093,0.06666666666666667,1,0,0.2581988897471611,0.8748364148719464,0.9648155696414564,0.7310171730872382,0.07896305064092005,15,86.73333333333333
2025-11-21,TSLA,0.9920202245806422,0.999991618291574,0.97618602309376,0.013712928216530036,0.21989999999999998,0.6597,0.0,0.3808779725843961,0.0,0.0,0.0,0.0,0.6204018621313555,0.7380258602416985,0.5615572872817557,0.10186537566699903,0.28329878551388377,0.2879543807150172,0.2740417837687842,0.008016844459275975,0.0,0,0,0.0,0.7533108437090495,0.7603003063849664,0.7497957966069703,0.006053086328791091,3,92.0
2025-11-22,AAPL,0.14278032324738127,0.9999979729534232,-0.9999989791929806,1.068948193949513,0.229,0.6369,0.0,0.2751990552309364,0.30963203463203465,0.6000000000000001,0.0,0.24627105521776,0.1706509024320925,0.7052051261233632,-0.4875584560636863,0.5473743203618842,0.34044905537947495,0.5622885391455122,0.1189591475697493,0.15950343736056305,0.14285714285714285,1,0,0.37796447300922725,0.7191621700500058,0.8878440706090573,0.569903324233928,0.11292149542006187,7,69.28571428571429
2025-11-22,AMZN,0.9999024015222346,0.9999024015222346,0.9999024015222346,,0.3252,0.3252,0.3252,,0.075,0.075,0.075,,0.6694143689104483,0.6694143689104483,0.6694143689104483,,0.2170603247804558,0.2170603247804558,0.2170603247804558,,0.0,0,0,,0.8048814135458933,0.8048814135458933,0.8048814135458933,,1,136.0
2025-11-22,GOOGL,0.5419472202584075,0.8510554833337665,0.2328389571830484,0.43714509788276334,-0.0257,0.0258,-0.0772,0.0728319984622144,-0.049242424242424254,0.0681818181818181,-0.1666666666666666,0.1660629561877497,0.2702761689417762,0.4923056417982104,0.048246696085342,0.31399709176011825,0.13289495325362966,0.1912533686069313,0.074536537900328,0.08253126247124143,0.0,0,0,0.0,0.8770484292647027,0.9281735599263918,0.8259232986030136,0.07230185315985731,2,85.0
2025-11-22,META,0.9961772611303381,0.9999946719960562,0.99235985026462,0.005398634219448918,0.0,0.0,0.0,0.0,0.0,0.0,0.0,0.0,0.559333823594933,0.5616242710940855,0.5570433760957805,0.0032391819172050405,0.28605724580766867,0.2879559047095533,0.2841585869057841,0.0026851091693656176,0.0,0,0,0.0,0.7512209645809229,0.7526472752387022,0.7497946539231437,0.0020171078763886827,2,111.5
2025-11-22,MSFT,-0.01625275675905873,0.9482089219382032,-0.9996179374284112,0.7952983407151264,-0.2994,0.1779,-0.6808,0.3600352297576817,0.06818181818181815,0.1363636363636363,0.0,0.07872958216222166,-0.12207883112651863,0.3589418773649341,-0.561546852851586,0.37716014373966905,0.2089846602556263,0.5147478594125973,0.0193410163459518,0.2315849095889306,0.25,1,0,0.5,0.8272375560181152,0.9808448210872138,0.5976512677637474,0.18030430174749057,4,93.75
2025-11-22,NVDA,0.01059415840245485,0.0208320338279008,0.0003562829770089,0.014478542276551883,0.555,0.5994,0.5106,0.06279108216936541,0.12499999999999994,0.1999999999999999,0.05,0.10606601717798206,0.15148380239825654,0.1843065377518802,0.1186610670446329,0.046418357491277415,0.0991481840647738,0.1015240040379181,0.0967723640916295,0.003359916827777555,0.5,1,0,0.7071067811865476,0.9056110571954243,0.9077626219848272,0.9034594924060216,0.003042772105497756,2,94.0
2025-11-22,TSLA,0.6989131509090143,0.9999962708206452,-0.99996983215442,0.674407924743477,-0.001820000000000005,0.296,-0.34,0.20523171619740777,0.035,0.4,-0.05,0.1292069829554287,0.3869107472538389,0.6471334302925991,-0.6401282043704031,0.4270456410860243,0.24570903000125516,0.3078222707313474,0.027921464541267,0.08442885481958451,0.0,0,0,0.0,0.7847970423934914,0.972464736766536,0.7350459455788875,0.0716502033324487,10,69.1
2025-11-23,AAPL,0.6091081530091174,0.9999712970655992,-0.9980148727772756,0.6794999193974929,0.21196,0.8442,-0.3182,0.3505189429022821,0.2721363636363636,1.0,-0.15,0.3697954445350809,0.43860001734323306,0.700514826537376,-0.3838547719868816,0.32007360473742263,0.2702620895768866,0.5229797603166743,0.0992713964950777,0.12253536830082024,0.1,1,0,0.31622776601683794,0.7682471927385877,0.9054969259808496,0.5927516559798123,0.09151129989316778,10,75.5
2025-11-23,AMZN,0.7017087583039554,0.999997051751066,2.101038376167708e-05,0.4780255058780381,-0.08803,0.2732,-0.7717,0.286441299202627,-0.05944444444444443,0.2,-0.5,0.18219907260360346,0.3462331491844342,0.5985440522080301,-0.1791190253495677,0.3036454536281213,0.2563926130472421,0.782799052715012,0.0322161533438059,0.21652271138012305,0.0,0,0,0.0,0.7889127864756142,0.9682972587667652,0.4571247027763153,0.15096900867461985,10,69.5
2025-11-23,GOOGL,-0.22470910019704254,0.8646849039942026,-0.9999999984450912,0.7671292941021313,0.21157142857142855,0.6705,-0.4404,0.392730381280787,0.07619047619047621,0.5,-0.3,0.3101458950082625,-0.0979774908163239,0.4804383755663156,-0.4818723374987812,0.3697710532018103,0.28530064484673057,0.5729491523922632,0.0460333676572239,0.19110492139350185,0.0,0,0,0.0,0.763463517355339,0.955010095209552,0.5638600749119513,0.14273317403543337,7,77.0
2025-11-23,META,0.014889998489902481,0.7234326470643282,-0.9999998113591032,0.7266012368501186,0.119175,0.4767,0.0,0.23835,-0.024999999999999994,0.5,-0.6,0.45,0.0003934535549945453,0.3956869851566194,-0.5460652399011203,0.3944707932549089,0.2354120982035517,0.4026497563042288,0.033508042977453,0.16739464903020587,0.0,0,0,0.0,0.7986619269965908,0.9670471332618352,0.6685462124190806,0.13530467096996662,4,66.75
2025-11-23,MSFT,0.5751534690361041,0.999823217793164,-0.682921513915062,0.5590495397641474,0.13748,0.5423,-0.2023,0.23033118088719315,0.05619047619047619,0.4,-0.3,0.19061899408776,0.3568317647735004,0.7831819086250357,-0.34129925580957,0.32678349332813594,0.1859493263416696,0.3328453515380865,0.0296895860480233,0.10650274525036027,0.1,1,0,0.31622776601683794,0.8345666427222685,0.9707468201411168,0.7168810501354029,0.08894568808469211,10,76.9
2025-11-23,NVDA,-8.018256085046138e-05,0.9997333035280462,-0.9998936686497472,1.4139497918704416,0.29295,0.5859,0.0,0.4142938630971982,0.3,0.6,0.0,0.4242640687119285,0.10164113643457545,0.6722366807154314,-0.4689544078462805,0.8069439573516444,0.31653101686600693,0.4613851388567871,0.1716768948752267,0.2048546638850082,0.0,0,0,0.0,0.7363305501114341,0.8422512649090538,0.6304098353138144,0.1497945114030463,2,68.5
2025-11-23,TSLA,0.4379329275656573,0.9999970829616132,-0.8095122799277306,0.8207728627516995,-0.05464,0.0,-0.2732,0.1221787542905885,0.1,0.5,0.0,0.22360679774997896,0.22705488526712453,0.5616257176740386,-0.4317726721545081,0.4712011021696632,0.22579363288697046,0.28795710793904,0.0192019537642226,0.11687800085354104,0.0,0,0,0.0,0.8024706847514136,0.9809812293847352,0.7497937517486499,0.10073454882871982,5,67.0
2025-11-24,AAPL,0.7326468735207973,0.9999970926338336,0.0044786045909859,0.38140049564538436,-0.0004499999999999967,0.4588,-0.296,0.2551479864705971,0.11388888888888889,0.5,-0.1666666666666666,0.25395027218087546,0.4221110915801418,0.75762586849205,-0.0189081405636983,0.2691994558289321,0.18561578665895925,0.3055290228290375,0.0275374945396094,0.12486627584883268,0.16666666666666666,1,0,0.408248290463863,0.8360466928289827,0.9728382057489788,0.7367335224281438,0.10550370517968533,6,72.16666666666667
2025-11-24,AMZN,0.9977576168421365,0.9981698812334798,0.9973453524507933,0.0005830298935211259,-0.42595,0.0,-0.8519,0.6023842668928199,0.0,0.0,0.0,0.0,0.4371608673501378,0.5605293961682153,0.3137923385320603,0.17446944662454122,0.4818216092038533,0.6765972626799077,0.2870459557277989,0.27545437076591844,0.0,0,0,0.0,0.6294105262610143,0.7504772393168492,0.5083438132051795,0.17121418755549347,2,93.5
2025-11-24,GOOGL,-0.15495690109115487,0.8924613445997238,-0.999999967381374,0.9850585793841631,0.19355,0.5719,0.0,0.26965934683102183,0.1875,0.5,-0.25,0.375,-0.04078581047817839,0.4509504009044836,-0.4820546928651985,0.46040412744676146,0.3337827961508643,0.5217297414197047,0.0881270658248649,0.180447273918323,0.0,0,0,0.0,0.72523406539739,0.9156445222046438,0.593493070045252,0.1360162414111503,4,73.5
2025-11-24,META,-0.585267344777094,0.2422753722639754,-0.9999425925088872,0.716673585680045,0.0484,0.2732,-0.128,0.2049323790912505,0.09999999999999999,0.3,0.0,0.17320508075688773,-0.35708175070485365,0.1069924967895058,-0.6742524303025914,0.41081796786697644,0.17191658032906254,0.3349308753887015,0.0373912770899839,0.1508017577157326,0.3333333333333333,1,0,0.5773502691896258,0.84835673809414,0.9632991447138362,0.715387535528784,0.12493504520842165,3,61.333333333333336
2025-11-24,MSFT,0.5707956932456243,0.9999898101370944,-0.9998755294654984,0.786341766349098,0.05091428571428571,0.5859,-0.4767,0.3622901619262817,0.16938775510204082,0.45,0.0,0.21824572237566758,0.3500931720928569,0.7231919448781234,-0.4689435243310758,0.4640525678537316,0.23380478193519819,0.4613753380954055,0.0218774564622476,0.17416800987184766,0.2857142857142857,1,0,0.4879500364742666,0.8016776046801847,0.978360119415762,0.6304160138404601,0.13573498455443642,7,72.28571428571429
2025-11-24,NVDA,0.43760912885787334,0.9999991460699108,-0.9999289181141648,0.90599164344364,0.2957818181818182,0.7906,-0.4588,0.39808728394205667,0.13863636363636364,0.5,-0.3,0.24934003799120297,0.3352831650166671,0.739332963693497,-0.7709176227548579,0.5566161299885549,0.27457093202472316,0.6046330193908614,0.0482239400255958,0.17111342666244614,0.2727272727272727,1,0,0.4670993664969138,0.7697774245282344,0.952920366170464,0.5462748621411544,0.126317341356281,11,71.63636363636364
2025-11-24,TSLA,0.8577920191091835,0.9994665129415808,0.5750321447849274,0.24487741149304454,0.21989999999999998,0.6597,0.0,0.3808779725843961,0.11666666666666665,0.35,0.0,0.20207259421636903,0.5614033659378622,0.8162560765850946,0.3066466457026416,0.2548047290018453,0.17164994241580256,0.2876923810728763,0.1112535614648316,0.10052376370711168,0.3333333333333333,1,0,0.5773502691896258,0.8450586294521014,0.8947118557158213,0.7499922685740287,0.08235717529304128,3,51.333333333333336
