date,ticker,finbert_sentiment_score_mean,vader_sentiment_score_mean,textblob_sentiment_score_mean,ensemble_sentiment_mean,sentiment_variance_mean,model_consensus_mean,ensemble_sentiment_max,ensemble_sentiment_min,ensemble_sentiment_std,confidence_mean,num_headlines,headline_length_avg,sentiment_earnings,sentiment_product,sentiment_analyst,count_positive_earnings,count_negative_regulatory,has_macroeconomic_news,ceo_mention_count,ceo_sentiment,competitor_mention_count,entity_density,entity_sentiment_gap,RSI,MACD,MACD_signal,BB_upper,BB_middle,BB_lower,ATR,OBV,ADX,Stochastic_K,Stochastic_D,VWAP,CMF,Williams_R,EMA_12,ensemble_sentiment_mean_lag1,daily_return_lag1,Volume_lag1,volatility_lag1,movement,Close,probability,prediction,daily_return
2025-07-23,AAPL,0.0,0.0,0.0,0.0,0.0,0.0,0.0,0.0,0.0,0.0,0.0,0.0,0.0,0.0,0.0,0.0,0.0,0.0,0.0,0.0,0.0,0.0,0.0,66.87998714887861,2.8055538822772803,2.664741439874229,216.9860217567629,208.9306167602539,200.8752117637449,3.637974070710168,640052700,21.47873675958708,76.91456117053602,73.1460885374698,210.98252885876127,0.0145805132477007,-23.08543882946398,210.66021065396308,0.0,0.9036090171780308,46404100.0,0.353570955346675,0,210.66021065396308,0.724420758290184,1,0.0
2025-07-24,AAPL,0.0,0.0,0.0,0.0,0.0,0.0,0.0,0.0,0.0,0.0,0.0,0.0,0.0,0.0,0.0,0.0,0.0,0.0,0.0,0.0,0.0,0.0,0.0,65.4476330255199,2.809185904812836,2.69363033286195,216.961948365243,209.53933563232425,202.11672289940543,3.5320806104074927,594030100,22.415439991920856,72.58609359994993,76.39660457279327,211.0861237508276,-0.0057583092309541,-27.41390640005007,211.06800868060697,0.0,-0.1166003644287316,46989300.0,0.4487253954690703,1,211.06800868060697,0.6957745278887822,1,0.001935809450574144
2025-07-25,AAPL,0.0,0.0,0.0,0.0,0.0,0.0,0.0,0.0,0.0,0.0,0.0,0.0,0.0,0.0,0.0,0.0,0.0,0.0,0.0,0.0,0.0,0.0,0.0,65.69112188118277,2.7895707763848634,2.7128184215665336,216.5388313144192,210.181982421875,203.82513352933083,3.41094240840042,634298900,23.2072997699569,77.80378080410972,75.7681451915319,211.2437578587653,-0.0229712782472962,-22.19621919589028,211.4314917764692,0.0,-0.1821129067176352,46022600.0,0.4792477449053993,1,211.4314917764692,0.7458498796635212,1,0.001722113635952427
2025-07-28,AAPL,0.0,0.0,0.0,0.0,0.0,0.0,0.0,0.0,0.0,0.0,0.0,0.0,0.0,0.0,0.0,0.0,0.0,0.0,0.0,0.0,0.0,0.0,0.0,66.05605722804475,2.7559459292255326,2.7214439230983336,215.61747865860875,210.8291198730469,206.04076108748492,3.294892796195408,672156900,23.72975141226684,79.78981219998127,76.72656220134697,211.499654994751,0.0044872400548273,-20.21018780001873,211.7651539678597,0.0,0.056139174220493,40268800.0,0.4794315513833219,0,211.7651539678597,0.6947600187986107,1,0.0015781101887284432
2025-07-29,AAPL,0.0,0.0,0.0,0.0,0.0,0.0,0.0,0.0,0.0,0.0,0.0,0.0,0.0,0.0,0.0,0.0,0.0,0.0,0.0,0.0,0.0,0.0,0.0,55.6346619321173,2.4768935802277383,2.672533854524215,215.0244661275927,211.133479309082,207.2424924905713,3.34394382981562,620745200,22.94026001754464,45.26702997429122,67.62020765946073,211.6866689078079,-0.0808101946183209,-54.73297002570878,211.6206881418248,0.0,0.0794858740990278,37858000.0,0.4367680773000836,0,211.6206881418248,0.6957745278887822,1,-0.0006821982905499402
2025-07-30,AAPL,0.0,0.0,0.0,0.0,0.0,0.0,0.0,0.0,0.0,0.0,0.0,0.0,0.0,0.0,0.0,0.0,0.0,0.0,0.0,0.0,0.0,0.0,0.0,48.98813755491286,2.053314471480462,2.5486899779154646,214.88061299831,211.1948501586914,207.5090873190728,3.437961171692884,575232700,21.758538756375987,18.32537085090805,47.79407100839351,211.52428554535285,-0.0904303805205054,-81.67462914909194,211.15762751498755,0.0,-1.2987668901023652,51411700.0,0.5735027740622133,0,211.15762751498755,0.7315741053394617,1,-0.0021881633166550563
2025-07-31,AAPL,0.0,0.0,0.0,0.0,0.0,0.0,0.0,0.0,0.0,0.0,0.0,0.0,0.0,0.0,0.0,0.0,0.0,0.0,0.0,0.0,0.0,0.0,0.0,45.1182912195282,1.5802368790035644,2.354999358133085,215.01625634577115,210.95186233520508,206.887468324639,3.3834183822538497,494534300,20.874376537664222,4.756425269868508,22.78294203168926,211.12578710706688,-0.1968130801827992,-95.24357473013148,210.5385942254221,0.0,-1.0507862911703691,45512500.0,0.6491108252134118,0,210.5385942254221,0.738000650377514,1,-0.002931616995561881
2025-08-01,AAPL,0.0,0.0,0.0,0.0,0.0,0.0,0.0,0.0,0.0,0.0,0.0,0.0,0.0,0.0,0.0,0.0,0.0,0.0,0.0,0.0,0.0,0.0,0.0,34.75103032721026,0.7784354542297649,2.039686577352421,215.92103703780936,210.3945358276368,204.8680346174641,4.002790046805755,390099800,21.7208607043404,6.162495132100861,9.748097084292471,210.4473561176131,-0.2800118402365809,-93.83750486789914,209.21801103178748,0.0,-0.7079609380583052,80698400.0,0.6312959719415047,1,209.21801103178748,0.7456599322246923,1,-0.006272404347018035
2025-08-04,AAPL,0.0,0.0,0.0,0.0,0.0,0.0,0.0,0.0,0.0,0.0,0.0,0.0,0.0,0.0,0.0,0.0,0.0,0.0,0.0,0.0,0.0,0.0,0.0,37.63534321864303,0.2185895192425846,1.6754671657304538,216.47748488623063,210.0652297973633,203.65297470849592,4.15880405852706,465209100,22.506881716253982,12.955276365984336,7.958065589317901,209.85691661298767,-0.2731994004374867,-87.04472363401567,208.24951322205936,0.0,-2.500366858179404,104434500.0,0.9417730355824772,0,208.24951322205936,0.7245485020059445,1,-0.004629132095042121
2025-08-05,AAPL,0.0,0.0,0.0,0.0,0.0,0.0,0.0,0.0,0.0,0.0,0.0,0.0,0.0,0.0,0.0,0.0,0.0,0.0,0.0,0.0,0.0,0.0,0.0,36.85751619325535,-0.2567580729137546,1.2890221180016124,216.9248553016067,209.711474609375,202.49809391714328,4.088411738584772,421054000,23.23675837017375,9.943995979785884,9.687255825957028,209.45870446636013,-0.2972119537920404,-90.05600402021412,207.363998511364,0.0,0.4793012026163445,75109300.0,1.0741654337988258,1,207.363998511364,0.7083221478450937,1,-0.004252181419272416
2025-08-06,AAPL,0.0,0.0,0.0,0.0,0.0,0.0,0.0,0.0,0.0,0.0,0.0,0.0,0.0,0.0,0.0,0.0,0.0,0.0,0.0,0.0,0.0,0.0,0.0,58.85619432891308,0.1960582362793559,1.070429341657161,217.14510362956952,209.8167526245117,202.4884016194539,4.684512204479091,529537100,22.68424560976017,82.28282759993274,35.06069998190099,209.62275018162848,-0.2652541415467823,-17.71717240006727,208.200607382963,0.0,-0.2114635311131207,44155100.0,1.1119334430619665,1,208.200607382963,0.7509844151545934,1,0.004034494307618042
2025-08-07,AAPL,0.0,0.0,0.0,0.0,0.0,0.0,0.0,0.0,0.0,0.0,0.0,0.0,0.0,0.0,0.0,0.0,0.0,0.0,0.0,0.0,0.0,0.0,0.0,66.98611655288619,1.0883134992361647,1.074006173172962,218.63619747541765,210.1969512939453,201.757705112473,4.89162182045885,619761900,23.231828909544408,95.76223816490544,62.66302058154136,210.5180709517369,-0.2204375868151249,-4.237761835094558,209.9493937095625,0.0,5.090672067065416,108483100.0,2.8292125759870674,1,209.9493937095625,0.78066307425503,1,0.008399525575748079
2025-08-08,AAPL,0.0,0.0,0.0,0.0,0.0,0.0,0.0,0.0,0.0,0.0,0.0,0.0,0.0,0.0,0.0,0.0,0.0,0.0,0.0,0.0,0.0,0.0,0.0,74.4576940969432,2.5168849078114306,1.3625819201006557,222.83461521656005,211.10454025268555,199.37446528881105,5.379742606862962,733615900,25.03327134666917,94.40679917684582,90.81728831389466,212.2889886682178,-0.1439534969674014,-5.593200823154181,212.85996906884853,0.0,3.179370364190537,90224800.0,2.9689773350726405,0,212.85996906884853,0.7082365919371171,1,0.01386322345523161
2025-08-11,AAPL,0.0,0.0,0.0,0.0,0.0,0.0,0.0,0.0,0.0,0.0,0.0,0.0,0.0,0.0,0.0,0.0,0.0,0.0,0.0,0.0,0.0,0.0,0.0,70.91176126713137,3.455235882071406,1.781112712494806,225.5578460290196,212.04345474243163,198.5290634558437,5.338000592369788,671809800,26.706039323999324,87.92484901480785,92.69796211885304,213.1908233582668,-0.1295259964442911,-12.07515098519215,215.02920093460864,0.0,4.235784341318971,113854000.0,2.324131708568556,1,215.02920093460864,0.692302395628046,1,0.010190886878586713
2025-08-12,AAPL,0.0,0.0,0.0,0.0,0.0,0.0,0.0,0.0,0.0,0.0,0.0,0.0,0.0,0.0,0.0,0.0,0.0,0.0,0.0,0.0,0.0,0.0,0.0,72.72099896881913,4.347881269353934,2.294466423866632,228.45975009482785,213.0813003540039,197.70285061317995,5.222885070784721,727436000,28.390235727198693,96.10541686954625,92.81235502039998,214.09544772224373,-0.0813751359381233,-3.894583130453777,217.244336450378,0.0,-0.8337365796965757,61806100.0,2.6662636688115784,1,217.244336450378,0.7243739001197996,1,0.010301556747369434
2025-08-13,AAPL,0.0,0.0,0.0,0.0,0.0,0.0,0.0,0.0,0.0,0.0,0.0,0.0,0.0,0.0,0.0,0.0,0.0,0.0,0.0,0.0,0.0,0.0,0.0,75.19632365089358,5.290977082041678,2.893768555501641,231.82749866883225,214.2505790710449,196.6736594732576,5.231595673109462,797314500,30.36180300637119,95.04869312984992,93.02631967140132,215.4328549548992,-0.0579184649628916,-4.9513068701500735,219.6842899847549,0.0,1.0872426196794072,55626200.0,2.412587067201152,0,219.6842899847549,0.7185073539449,1,0.011231379258230811
2025-08-14,AAPL,0.0,0.0,0.0,0.0,0.0,0.0,0.0,0.0,0.0,0.0,0.0,0.0,0.0,0.0,0.0,0.0,0.0,0.0,0.0,0.0,0.0,0.0,0.0,74.11388771005767,5.925741493224109,3.500163143046134,234.5386281302225,215.3993698120117,196.26011149380088,5.1626141098568885,745398200,32.20360830734966,93.08683901897854,94.74698300612488,216.4064716652045,-0.0385633409527823,-6.913160981021465,221.6643323608984,0.0,1.602445794913265,69878500.0,1.9560564489651384,0,221.6643323608984,0.6689362243217676,1,0.009013126866199261
2025-08-15,AAPL,0.0,0.0,0.0,0.0,0.0,0.0,0.0,0.0,0.0,0.0,0.0,0.0,0.0,0.0,0.0,0.0,0.0,0.0,0.0,0.0,0.0,0.0,0.0,71.7087002263499,6.2606965422267535,4.052269822882259,236.64695827948225,216.43083953857425,196.2147207976662,5.1463715431820045,689359500,33.4060624496348,89.57113520290598,92.5688891172448,217.352948244368,-0.0582065531524017,-10.428864797094027,223.15685159729264,0.0,-0.2357183544672514,51916300.0,1.973821731253662,0,223.15685159729264,0.7346430375633503,1,0.006733240393245632
2025-08-18,AAPL,0.0,0.0,0.0,0.0,0.0,0.0,0.0,0.0,0.0,0.0,0.0,0.0,0.0,0.0,0.0,0.0,0.0,0.0,0.0,0.0,0.0,0.0,0.0,70.2642311390947,6.395993305275908,4.521014519360989,238.38348607453284,217.36248016357425,196.3414742526156,4.993564969982907,651883300,34.52262701032815,87.50312722104665,90.05370048097706,218.1565401551176,-0.0491342026109037,-12.496872778953351,224.31216628920555,0.0,-0.5112168105708581,56038700.0,1.06254034032185,0,224.31216628920555,0.7555501457645522,1,0.0051771419234654115
2025-08-19,AAPL,0.0,0.0,0.0,0.0,0.0,0.0,0.0,0.0,0.0,0.0,0.0,0.0,0.0,0.0,0.0,0.0,0.0,0.0,0.0,0.0,0.0,0.0,0.0,69.55291780004161,6.402806859452085,4.8973729873792085,239.87363048475743,218.1818389892578,196.49004749375817,4.888066053620639,612480700,35.283851196703495,86.52818983383189,87.86748408592818,219.06482282091432,-0.0811864934463463,-13.471810166168114,225.239020044442,0.0,-0.3022532209291606,37476200.0,0.9513074884735732,0,225.239020044442,0.7524103752855005,1,0.004131981651148697
2025-08-20,AAPL,0.0,0.0,0.0,0.0,0.0,0.0,0.0,0.0,0.0,0.0,0.0,0.0,0.0,0.0,0.0,0.0,0.0,0.0,0.0,0.0,0.0,0.0,0.0,60.46411596021424,5.972566008701193,5.112411591643606,240.6183588725829,218.7863906860352,196.95442249948732,4.880730358926212,570216800,34.78694756738982,73.08586721101115,82.37239475529657,220.38657673616075,-0.1219243842558742,-26.91413278898885,225.3239565264869,0.0,-0.1429256279357305,39402600.0,0.8606463568533319,0,225.3239565264869,0.683297194551018,1,0.0003770948835959409
2025-08-21,AAPL,0.0,0.0,0.0,0.0,0.0,0.0,0.0,0.0,0.0,0.0,0.0,0.0,0.0,0.0,0.0,0.0,0.0,0.0,0.0,0.0,0.0,0.0,0.0,58.45723622966407,5.478958656540243,5.185721004622934,241.1792000075988,219.35495529174804,197.53071057589727,4.727631900449603,539595600,33.7299750771949,69.64532629197728,76.41979444560677,222.32879871393203,-0.09867863958127,-30.354673708022712,225.22522320570525,0.0,-1.9734624185850147,42263900.0,0.7614245862704587,1,225.22522320570525,0.7094653824289786,1,-0.00043818385893668044
2025-08-22,AAPL,0.0,0.0,0.0,0.0,0.0,0.0,0.0,0.0,0.0,0.0,0.0,0.0,0.0,0.0,0.0,0.0,0.0,0.0,0.0,0.0,0.0,0.0,0.0,61.96061349768079,5.2577176361139095,5.200120330921129,241.98491574522,220.0603935241699,198.1358713031198,4.688939426224713,582073400,33.22213924214259,77.8240599261983,73.51841780972892,224.2157690429652,-0.0734615434655111,-22.175940073801687,225.5812524743888,0.0,-0.4911252928377019,30621200.0,0.7362506193863959,0,225.5812524743888,0.7581743619762814,1,0.001580769967129303
2025-08-25,AAPL,0.0,0.0,0.0,0.0,0.0,0.0,0.0,0.0,0.0,0.0,0.0,0.0,0.0,0.0,0.0,0.0,0.0,0.0,0.0,0.0,0.0,0.0,0.0,60.80216756727635,4.976647381235068,5.155425740983917,242.636838646105,220.72737884521484,198.8179190443247,4.573089043348048,551090300,32.78852672935277,73.25544318597227,73.57494313471595,225.45714654070247,-0.0870410127697402,-26.744556814027728,225.79029093085305,0.0,1.2716733406805902,42477800.0,1.1541258512060582,1,225.79029093085305,0.7064032499824603,1,0.0009266659093842833
2025-08-26,AAPL,0.0,0.0,0.0,0.0,0.0,0.0,0.0,0.0,0.0,0.0,0.0,0.0,0.0,0.0,0.0,0.0,0.0,0.0,0.0,0.0,0.0,0.0,0.0,63.43998214732014,4.871065654785468,5.098553723744228,243.3444375776565,221.6404685974121,199.93649961716773,4.5889651448770135,605665400,31.89467026786977,69.0719147533339,73.38380595516816,227.63162220632225,-0.0137350477583339,-30.928085246666104,226.2976186557338,0.0,-0.2634317288807808,30983100.0,1.154469689448181,1,226.2976186557338,0.7458498796635212,1,0.0022468978749672353
2025-08-27,AAPL,0.0,0.0,0.0,0.0,0.0,0.0,0.0,0.0,0.0,0.0,0.0,0.0,0.0,0.0,0.0,0.0,0.0,0.0,0.0,0.0,0.0,0.0,0.0,64.83853706058716,4.826874604409852,5.044217899877353,243.872751154802,222.7232681274414,201.5737851000808,4.449570680986154,636924900,31.352975527265816,71.27537741099076,71.20091178343232,228.8429112204334,0.0197898728931233,-28.724622589009243,226.90825958069303,0.0,0.946469850209164,54575100.0,1.290941299151794,1,226.90825958069303,0.7198857153824166,1,0.002698397484633741
2025-08-28,AAPL,0.0,0.0,0.0,0.0,0.0,0.0,0.0,0.0,0.0,0.0,0.0,0.0,0.0,0.0,0.0,0.0,0.0,0.0,0.0,0.0,0.0,0.0,0.0,67.20831223649012,4.902212984246944,5.015816916751271,244.25201662478963,223.9833114624024,203.71460630001508,4.422177473643005,674999600,31.32829307907541,77.42506711343773,72.5907864259208,229.4967807806473,0.0868333444937059,-22.574932886562262,227.74310854243737,0.0,0.5145899965004919,31259500.0,0.7592307402579804,0,227.74310854243737,0.7993617474970277,1,0.0036792356668156057
2025-08-29,AAPL,0.0,0.0,0.0,0.0,0.0,0.0,0.0,0.0,0.0,0.0,0.0,0.0,0.0,0.0,0.0,0.0,0.0,0.0,0.0,0.0,0.0,0.0,0.0,66.2329036828869,4.8719006258029935,4.987033658561616,243.2963808481261,225.48133010864257,207.66627936915904,4.249740733448635,635581200,31.305373662898607,73.72129058780264,74.14057837074371,229.91469515859632,0.1637404150297346,-26.278709412197355,228.3849651346165,0.0,0.8980857430412437,38074700.0,0.5886119459908655,0,228.3849651346165,0.7993617474970277,1,0.0028183359588223045
2025-09-02,AAPL,0.0,0.0,0.0,0.0,0.0,0.0,0.0,0.0,0.0,0.0,0.0,0.0,0.0,0.0,0.0,0.0,0.0,0.0,0.0,0.0,0.0,0.0,0.0,60.76110543517047,4.599770557690931,4.909581038387479,241.3621173610451,226.81006774902343,212.25801813700176,4.31511532879094,591505600,29.85752627843124,52.3809704288441,67.84244271002815,229.9334650062804,0.2174356427556161,-47.6190295711559,228.5561286640865,0.0,-0.1806020796133456,39418400.0,0.5778513657739659,1,228.5561286640865,0.8267329700128863,1,0.0007494518273962747
2025-09-03,AAPL,0.0,0.0,0.0,0.0,0.0,0.0,0.0,0.0,0.0,0.0,0.0,0.0,0.0,0.0,0.0,0.0,0.0,0.0,0.0,0.0,0.0,0.0,0.0,70.31153826363392,5.031474339618001,4.933959698633584,238.9342481256815,228.5973373413086,218.26042655693567,4.658404822900532,657933400,29.97390497215473,97.47840343273953,74.52688814979543,230.39011563359065,0.2838593892919552,-2.521596567260464,230.0458103231874,0.0,-1.0424709383172748,44075600.0,0.8408918828267344,1,230.0458103231874,0.8600499295127237,1,0.006517793540729455
2025-09-04,AAPL,0.0,0.0,0.0,0.0,0.0,0.0,0.0,0.0,0.0,0.0,0.0,0.0,0.0,0.0,0.0,0.0,0.0,0.0,0.0,0.0,0.0,0.0,0.0,71.43257514122233,5.416764042296734,5.030520567366214,238.52426979646057,229.93462829589845,221.34498679533635,4.551156478378886,705482800,30.23597672579552,99.25561280131691,83.03832888763351,230.83921029249376,0.2838180698798433,-0.7443871986830853,231.5076510840132,0.0,3.808987157878629,66427800.0,1.8372100178505608,0,231.5076510840132,0.7652134560436634,1,0.006354563722643203
2025-09-05,AAPL,0.0,0.0,0.0,0.0,0.0,0.0,0.0,0.0,0.0,0.0,0.0,0.0,0.0,0.0,0.0,0.0,0.0,0.0,0.0,0.0,0.0,0.0,0.0,71.23358153490027,5.649727797519205,5.154362013396812,239.082026442592,230.92913589477536,222.7762453469588,4.428021091815095,650612400,30.68705329788259,90.7069299177919,95.81364871728276,231.5782749608095,0.2304026324325782,-9.293070082208104,232.7307617608417,0.0,0.5493288226302795,47549400.0,1.8359274226526825,0,232.7307617608417,0.7898496837646792,1,0.005283240839347725
2025-09-08,AAPL,0.0,0.0,0.0,0.0,0.0,0.0,0.0,0.0,0.0,0.0,0.0,0.0,0.0,0.0,0.0,0.0,0.0,0.0,0.0,0.0,0.0,0.0,0.0,67.17997779648194,5.623617607081172,5.248213132133683,239.9636706672136,231.36821060180665,222.77275053639977,4.3836129945079865,601612900,30.455406051357336,80.38768655272506,90.1167430906113,232.11098024204404,0.149529210372688,-19.612313447274936,233.4875103646425,0.0,-0.0375310457613187,54870400.0,1.8716137988465604,0,233.4875103646425,0.7922117330253032,1,0.003251605409079872
2025-09-09,AAPL,0.0,0.0,0.0,0.0,0.0,0.0,0.0,0.0,0.0,0.0,0.0,0.0,0.0,0.0,0.0,0.0,0.0,0.0,0.0,0.0,0.0,0.0,0.0,60.00787451725992,5.257751409092293,5.250120787525406,240.1525231886052,231.7263641357422,223.3002050828792,4.45726557369615,535299000,29.41612964454971,60.2622666291141,77.11896103321035,232.52619681221591,0.1038899264992619,-39.73773337088589,233.5852852123898,0.0,-0.7551402650500583,48999500.0,1.9490545942227424,0,233.5852852123898,0.8598438263457734,1,0.00041875836353999496
2025-09-10,AAPL,0.0,0.0,0.0,0.0,0.0,0.0,0.0,0.0,0.0,0.0,0.0,0.0,0.0,0.0,0.0,0.0,0.0,0.0,0.0,0.0,0.0,0.0,0.0,48.15156544532787,4.308693030616411,5.061835236143607,240.25405763388923,231.58350296020507,222.9129482865209,4.73830884994487,451858200,27.7943941441108,17.16073634653342,52.6035631761242,232.32209298949635,0.0157912747245405,-82.83926365346657,232.5060656837709,0.0,-1.4839412310012845,66313900.0,2.044332070584556,1,232.5060656837709,0.7378827675169657,1,-0.004620237647408265
2025-09-11,AAPL,0.0,0.0,0.0,0.0,0.0,0.0,0.0,0.0,0.0,0.0,0.0,0.0,0.0,0.0,0.0,0.0,0.0,0.0,0.0,0.0,0.0,0.0,0.0,52.48451604714883,3.77423808733991,4.804315806382868,240.0926729401102,231.41866226196288,222.7446515838156,4.6710241352000486,502066800,26.28849689370324,32.11058997286706,36.51119764950486,232.39807218930648,0.037343938791776,-67.88941002713293,232.09085872611143,0.0,-3.225948363240483,83440800.0,1.4641832502763354,1,232.09085872611143,0.7643746279656835,1,-0.0017857897876273343
2025-09-12,AAPL,0.0,0.0,0.0,0.0,0.0,0.0,0.0,0.0,0.0,0.0,0.0,0.0,0.0,0.0,0.0,0.0,0.0,0.0,0.0,0.0,0.0,0.0,0.0,57.27870491191627,3.634462595908048,4.570345164287904,240.20890053782995,231.48310012817385,222.7572997185177,4.729141944523121,557891000,24.772211175109785,56.40412220091916,35.225149506773214,232.70114329848624,0.0911971996973945,-43.59587779908084,232.36046857654145,0.0,1.4286344459361722,50208600.0,1.7249703504634537,1,232.36046857654145,0.7974311158118269,1,0.0011616564819048047
2025-09-15,AAPL,0.0,0.0,0.0,0.0,0.0,0.0,0.0,0.0,0.0,0.0,0.0,0.0,0.0,0.0,0.0,0.0,0.0,0.0,0.0,0.0,0.0,0.0,0.0,60.10097044989436,3.693129971542248,4.394902125738772,240.7301035762951,231.73835296630853,222.7466023563221,4.685346369867083,600590500,24.023495303378667,72.21884338882414,53.57785185420346,233.1493932002146,0.1003210827223783,-27.781156611175856,232.9928217432514,0.0,1.7562991653877311,55824200.0,2.077551238701283,1,232.9928217432514,0.7783970091537806,1,0.0027214317933845766
2025-09-16,AAPL,0.0,0.0,0.0,0.0,0.0,0.0,0.0,0.0,0.0,0.0,0.0,0.0,0.0,0.0,0.0,0.0,0.0,0.0,0.0,0.0,0.0,0.0,0.0,61.60690018495192,3.812564775882436,4.278434655767505,241.4677864310738,232.1010009765625,222.7342155220512,4.70033937863074,664011600,23.814118562856343,79.37535371687284,69.33277310220538,234.01080148710813,0.099705179742482,-20.62464628312716,233.75075029041344,0.0,1.1235905200573493,42699500.0,2.1774207429676884,1,233.75075029041344,0.8022331081302079,1,0.003253012438285463
2025-09-17,AAPL,0.0,0.0,0.0,0.0,0.0,0.0,0.0,0.0,0.0,0.0,0.0,0.0,0.0,0.0,0.0,0.0,0.0,0.0,0.0,0.0,0.0,0.0,0.0,62.49016862529997,3.929635980309968,4.208674920675998,242.28270145573345,232.5220932006836,222.76148494563373,4.533723364773671,710519600,23.6196973037999,84.84065003759356,78.81161571443018,234.48479508248064,0.1145505874750437,-15.159349962406433,234.52118258122124,0.0,0.6125886829152938,63421100.0,2.036868308747815,0,234.52118258122124,0.7993617474970277,1,0.003295956440142467
2025-09-18,AAPL,0.0,0.0,0.0,0.0,0.0,0.0,0.0,0.0,0.0,0.0,0.0,0.0,0.0,0.0,0.0,0.0,0.0,0.0,0.0,0.0,0.0,0.0,0.0,60.50917272109203,3.88811440604519,4.144562817749836,242.6050305976517,233.11501922607425,223.6250078544968,4.534571449945873,666270000,23.62140129905077,77.61874360266177,80.61158245237606,234.8597926920745,0.1322643202883955,-22.381256397338227,235.00248182804057,0.0,0.3527257682534257,46508000.0,0.5755528816466523,1,235.00248182804057,0.7993617474970277,1,0.0020522634310555787
2025-09-19,AAPL,0.0,0.0,0.0,0.0,0.0,0.0,0.0,0.0,0.0,0.0,0.0,0.0,0.0,0.0,0.0,0.0,0.0,0.0,0.0,0.0,0.0,0.0,0.0,68.00706380934596,4.418547983324061,4.199359850864681,244.19953715189047,234.1440216064453,224.0885060610001,4.81151906967059,830011300,24.38110020655284,96.06878087839452,86.17605817288329,236.6454365702696,0.2297454389020339,-3.931219121605461,236.58090578508484,0.0,-0.4644576907642972,44249600.0,0.8331498090703047,1,236.58090578508484,0.8430286350415266,1,0.006716626755453703
2025-09-22,AAPL,0.0,0.0,0.0,0.0,0.0,0.0,0.0,0.0,0.0,0.0,0.0,0.0,0.0,0.0,0.0,0.0,0.0,0.0,0.0,0.0,0.0,0.0,0.0,75.08135661060267,5.626946797321011,4.484877240155948,248.91747059463856,235.55865020751952,222.19982982040048,5.262784396182226,935528700,26.179898061495845,98.17521096181127,90.6209118142892,238.88355286946785,0.2852466660407783,-1.8247890381887064,239.54261035255377,0.0,3.2032913063739787,163741300.0,1.3763647941430035,0,239.54261035255377,0.7620169190670911,1,0.012518781081003238
2025-09-23,AAPL,0.0,0.0,0.0,0.0,0.0,0.0,0.0,0.0,0.0,0.0,0.0,0.0,0.0,0.0,0.0,0.0,0.0,0.0,0.0,0.0,0.0,0.0,0.0,72.39288595778874,6.378077618968149,4.863517315918388,251.9393994781596,236.9208297729492,221.9022600677389,5.155182167620771,875253500,27.910341167757394,90.7295209199348,94.99117092004688,240.0498598802859,0.2610904875518453,-9.270479080065192,241.7950693367763,0.0,4.3095700465100695,105517400.0,2.04358354905998,0,241.7950693367763,0.7585886163672224,1,0.009403166229621451
2025-09-24,AAPL,0.0,0.0,0.0,0.0,0.0,0.0,0.0,0.0,0.0,0.0,0.0,0.0,0.0,0.0,0.0,0.0,0.0,0.0,0.0,0.0,0.0,0.0,0.0,68.97539453191867,6.7249324713111776,5.235800346996946,254.00332384456016,238.0697158813477,222.1361079181352,5.122344898072507,832949800,28.85934988552981,83.97576710652051,90.9601663294222,240.70568633131708,0.2052665908078537,-16.024232893479486,243.3751576404333,0.0,-0.644325892472386,60275200.0,2.261519546627919,1,243.3751576404333,0.8526706728431109,1,0.006534824336952072
2025-09-25,AAPL,0.0,0.0,0.0,0.0,0.0,0.0,0.0,0.0,0.0,0.0,0.0,0.0,0.0,0.0,0.0,0.0,0.0,0.0,0.0,0.0,0.0,0.0,0.0,72.03355748121255,7.28345493507905,5.645331264613366,256.8112368295872,239.38743743896484,221.9636380483425,5.14608588266342,888151900,29.89092296360187,98.50264867890483,91.06931223512004,241.62076848283365,0.2238624238294253,-1.497351321095149,245.41301274503007,0.0,-0.833236483994404,42303700.0,2.447027507699934,0,245.41301274503007,0.8664772607375015,1,0.008373307795068952
2025-09-26,AAPL,0.0,0.0,0.0,0.0,0.0,0.0,0.0,0.0,0.0,0.0,0.0,0.0,0.0,0.0,0.0,0.0,0.0,0.0,0.0,0.0,0.0,0.0,0.0,69.74428726204417,7.525673267418966,6.021399665174487,258.92953486493485,240.53132858276368,222.13312230059248,5.051101730470212,842075600,30.895219636458368,93.23854944919536,91.9056550782069,242.50217709795209,0.1998136685497708,-6.761450550804632,246.92064166241124,0.0,1.807296087612032,55202100.0,2.286261563878248,0,246.92064166241124,0.7696581032771685,1,0.006143231365435042
2025-09-29,AAPL,0.0,0.0,0.0,0.0,0.0,0.0,0.0,0.0,0.0,0.0,0.0,0.0,0.0,0.0,0.0,0.0,0.0,0.0,0.0,0.0,0.0,0.0,0.0,68.04308159584848,7.547596781662833,6.326639088472156,260.5117689134365,241.6447494506836,222.77772998793063,4.865139460503629,801947900,31.60548022779358,89.98419131537116,93.9084631478238,243.54384170263472,0.2211644945866869,-10.015808684628826,248.03801890665568,0.0,-0.5489082840644866,46076300.0,2.230649306047704,1,248.03801890665568,0.836302471647382,1,0.004525248422819539
2025-09-30,AAPL,0.0,0.0,0.0,0.0,0.0,0.0,0.0,0.0,0.0,0.0,0.0,0.0,0.0,0.0,0.0,0.0,0.0,0.0,0.0,0.0,0.0,0.0,0.0,68.2052608840676,7.494700391030534,6.560251348983832,261.6697526315112,242.88904342651367,224.10833422151617,4.718149228106766,839652200,32.379381942012515,90.4038930277106,91.20887793075904,245.52191176002017,0.2097787441624179,-9.5961069722894,249.0142325506738,0.0,-0.4031959845059218,40127700.0,1.0911182711275864,1,249.0142325506738,0.8328386966204478,1,0.003935741981496266
2025-10-01,AAPL,0.0,0.0,0.0,0.0,0.0,0.0,0.0,0.0,0.0,0.0,0.0,0.0,0.0,0.0,0.0,0.0,0.0,0.0,0.0,0.0,0.0,0.0,0.0,68.90206446254346,7.433196835609294,6.734840446308924,263.12375512437376,243.73722076416016,224.35068640394653,4.677993966689475,888366100,33.44069219548503,88.78061405686698,89.7228994666496,247.11258743219207,0.1374573755133813,-11.21938594313302,249.9662900353658,0.0,0.0786100471023898,37704300.0,1.0522150865057818,1,249.9662900353658,0.7922117330253032,1,0.003823305499207841
2025-10-02,AAPL,0.0,0.0,0.0,0.0,0.0,0.0,0.0,0.0,0.0,0.0,0.0,0.0,0.0,0.0,0.0,0.0,0.0,0.0,0.0,0.0,0.0,0.0,0.0,70.33644015680751,7.434188977354779,6.874710152518096,264.70051542785046,244.60388107299804,224.50724671814564,4.631429814408432,930996300,34.17574074946093,93.01343166435085,90.7326462496428,248.5610131979469,0.1184005893322179,-6.986568335649173,251.0300887138192,0.0,0.3220330351537015,48713900.0,0.93870216388191,1,251.0300887138192,0.7912278462018851,1,0.00425576856104426
2025-10-03,AAPL,0.0,0.0,0.0,0.0,0.0,0.0,0.0,0.0,0.0,0.0,0.0,0.0,0.0,0.0,0.0,0.0,0.0,0.0,0.0,0.0,0.0,0.0,0.0,71.0970027228487,7.421173914543971,6.984002904923272,266.2534017643792,245.5194931030273,224.7855844416755,4.678104129341837,980151900,34.99364636569272,94.6771289557338,92.15705822565054,249.6546796913722,0.1481518617496957,-5.322871044266206,252.0670152323061,0.0,0.6576638338942287,42630200.0,0.5010035028355369,0,252.0670152323061,0.7912278462018851,1,0.0041306861810856965
2025-10-06,AAPL,0.0,0.0,0.0,0.0,0.0,0.0,0.0,0.0,0.0,0.0,0.0,0.0,0.0,0.0,0.0,0.0,0.0,0.0,0.0,0.0,0.0,0.0,0.0,68.27958861723357,7.220411597499208,7.031284643438459,267.38357342247093,246.45908203125,225.53459064002908,4.630818907588855,935487800,35.75313015219366,88.71184562158206,92.1341354138889,250.9030117004033,0.1496732616826346,-11.288154378417945,252.7399984657975,0.0,0.3461251329971215,49155600.0,0.3950574046370975,0,252.7399984657975,0.7912278462018851,1,0.0026698583821893607
2025-10-07,AAPL,0.0,0.0,0.0,0.0,0.0,0.0,0.0,0.0,0.0,0.0,0.0,0.0,0.0,0.0,0.0,0.0,0.0,0.0,0.0,0.0,0.0,0.0,0.0,67.82261650847667,6.964100877059934,7.017847890162755,268.0976897737616,247.56451110839845,227.0313324430353,4.440624229564848,903532000,36.45836509680168,87.78231402922611,90.390429535514,251.8091033899177,0.1924135383387954,-12.217685970773887,253.27717230459308,0.0,-0.5154611713502621,44664100.0,0.438707053794429,1,253.27717230459308,0.836302471647382,1,0.0021254009735554025
2025-10-08,AAPL,0.0,0.0,0.0,0.0,0.0,0.0,0.0,0.0,0.0,0.0,0.0,0.0,0.0,0.0,0.0,0.0,0.0,0.0,0.0,0.0,0.0,0.0,0.0,69.47789886912528,6.809841753940333,6.976246662918271,267.6924800204172,249.1264976501465,230.56051527987577,4.295413197823515,940028900,37.27849542756095,93.7993437285148,90.09783445977432,252.7992812223072,0.2767242597235544,-6.200656271485213,253.97454412101385,0.0,-0.0818034166552461,31955800.0,0.4533934381061563,0,253.97454412101385,0.7922117330253032,1,0.002753393881001376
2025-10-09,AAPL,0.0,0.0,0.0,0.0,0.0,0.0,0.0,0.0,0.0,0.0,0.0,0.0,0.0,0.0,0.0,0.0,0.0,0.0,0.0,0.0,0.0,0.0,0.0,60.894523368048375,6.291003506092039,6.839198031553026,266.71644819361643,250.32583465576167,233.935221117907,4.339687312994294,901706900,36.89504272261752,53.237342236870255,78.27299999820372,255.0905768824292,0.2220054064563336,-46.76265776312975,253.9467620364408,0.0,0.616028826380699,36496900.0,0.498769698273357,0,253.9467620364408,0.7912278462018851,1,-0.00010938924871073397
2025-10-10,AAPL,0.0,0.0,0.0,0.0,0.0,0.0,0.0,0.0,0.0,0.0,0.0,0.0,0.0,0.0,0.0,0.0,0.0,0.0,0.0,0.0,0.0,0.0,0.0,47.19605095413145,5.113891687028712,6.494136762648163,265.67277130078423,250.88529205322263,236.09781280566105,4.913139317389544,839707800,34.46992462745671,8.333364806304862,51.79001692389664,254.71513319617355,0.1334874369089333,-91.66663519369514,252.5753326005461,0.0,-1.557785637436715,38322000.0,0.8534901775440261,1,252.5753326005461,0.8624251151807802,1,-0.005400460414997976
2025-10-13,AAPL,0.0,0.0,0.0,0.0,0.0,0.0,0.0,0.0,0.0,0.0,0.0,0.0,0.0,0.0,0.0,0.0,0.0,0.0,0.0,0.0,0.0,0.0,0.0,50.46627667273468,4.323845318120931,6.060078473742717,264.7862766428456,251.43276138305663,238.0792461232677,4.877608853775923,877850700,32.21802925337882,24.015750948375867,28.528819330516995,254.24495543624417,0.1324144010699008,-75.98424905162413,251.78222770151373,0.0,-3.4522058162621327,61999100.0,1.5822321890385525,1,251.78222770151373,0.8303092636375844,1,-0.003140072670068217
2025-10-14,AAPL,0.0,0.0,0.0,0.0,0.0,0.0,0.0,0.0,0.0,0.0,0.0,0.0,0.0,0.0,0.0,0.0,0.0,0.0,0.0,0.0,0.0,0.0,0.0,50.617864014015865,3.6643549866253977,5.580933776319253,263.90981767687737,251.9132957458496,239.91677381482185,4.825350361654084,913328700,30.32127033779862,24.737538184971164,19.02888464655064,253.91532114613145,0.1667951777737177,-75.26246181502883,251.1280456790753,0.0,0.9744341420789836,38142900.0,1.818533838271311,1,251.1280456790753,0.8035502587210333,1,-0.002598205712970092
2025-10-15,AAPL,0.0,0.0,0.0,0.0,0.0,0.0,0.0,0.0,0.0,0.0,0.0,0.0,0.0,0.0,0.0,0.0,0.0,0.0,0.0,0.0,0.0,0.0,0.0,52.83636738024341,3.2310222782521123,5.110951476705825,262.90992006527466,252.43029403686523,241.9506680084558,4.791096292402956,947222300,28.46334203903164,35.03939233994252,27.930893824429848,253.5456272768608,0.1615023143063186,-64.96060766005748,250.8158118824448,0.0,0.0444158644685943,35478000.0,1.8301045209672395,0,250.8158118824448,0.8003169755493014,1,-0.001243325076600743
2025-10-16,AAPL,0.0,0.0,0.0,0.0,0.0,0.0,0.0,0.0,0.0,0.0,0.0,0.0,0.0,0.0,0.0,0.0,0.0,0.0,0.0,0.0,0.0,0.0,0.0,49.92843576606248,2.7040727133103246,4.629575724026725,261.31454333970623,252.90833053588867,244.5021177320711,4.749297531406898,907445300,26.67484361292989,22.637820829527115,27.4715837848136,252.94891358579324,0.1885644438942272,-77.36217917047288,250.2611266183788,0.0,0.6336529564029414,33893600.0,1.8332270748846544,1,250.2611266183788,0.7993617474970277,1,-0.0022115243050385702
2025-10-17,AAPL,0.0,0.0,0.0,0.0,0.0,0.0,0.0,0.0,0.0,0.0,0.0,0.0,0.0,0.0,0.0,0.0,0.0,0.0,0.0,0.0,0.0,0.0,0.0,56.52684823818965,2.646126515167396,4.232885882254859,260.906519635484,253.24750137329104,245.588483111098,4.846067934054001,956592300,25.47788305945856,54.39625879894354,37.35782398947106,252.6991198087172,0.1165685762979403,-45.60374120105646,250.5356693381474,0.0,-0.7580006053321764,39777000.0,1.7703764609871988,1,250.5356693381474,0.8588378059749951,1,0.0010970250293296235
2025-10-20,AAPL,0.0,0.0,0.0,0.0,0.0,0.0,0.0,0.0,0.0,0.0,0.0,0.0,0.0,0.0,0.0,0.0,0.0,0.0,0.0,0.0,0.0,0.0,0.0,66.34556369556526,3.363535665354391,4.059015838874766,262.05333711408514,253.55520324707032,245.0570693800555,5.362656709886351,1047075300,26.04205377697358,89.49944043911073,55.51117335586046,253.7055840156083,0.0692325428262547,-10.500559560889265,252.2972622013892,0.0,1.9559441912186948,49147000.0,1.0159089805089068,1,252.2972622013892,0.8251441895671925,1,0.007031305633626861
2025-10-21,AAPL,0.0,0.0,0.0,0.0,0.0,0.0,0.0,0.0,0.0,0.0,0.0,0.0,0.0,0.0,0.0,0.0,0.0,0.0,0.0,0.0,0.0,0.0,0.0,66.77600812869906,3.92951518983628,4.033115709067069,263.3260753361072,253.9717987060547,244.61752207600225,5.22651487553336,1093771200,26.673830842162893,88.16336769612646,77.35302231139357,254.20223973647063,0.0831382317866047,-11.83663230387354,253.869299236512,0.0,3.943876231500254,90483000.0,1.8428042769151989,0,253.869299236512,0.7805059799780018,1,0.006230892168255009
2025-10-22,AAPL,0.0,0.0,0.0,0.0,0.0,0.0,0.0,0.0,0.0,0.0,0.0,0.0,0.0,0.0,0.0,0.0,0.0,0.0,0.0,0.0,0.0,0.0,0.0,60.03569106642223,3.983885626636635,4.023269692580982,263.7639950251397,254.27850189208985,244.79300875904,5.382680045126466,1048755900,25.84835427678428,67.87225069884555,81.84501961136091,254.3797709900413,0.0950330740749276,-32.127749301154445,254.53551582031784,0.0,0.202102377259794,46695900.0,1.820063380009202,1,254.53551582031784,0.8003169755493014,1,0.002624250296547892
2025-10-23,AAPL,0.0,0.0,0.0,0.0,0.0,0.0,0.0,0.0,0.0,0.0,0.0,0.0,0.0,0.0,0.0,0.0,0.0,0.0,0.0,0.0,0.0,0.0,0.0,61.14059851789477,4.071135906184679,4.032842935301721,264.10429248348856,254.41387023925785,244.72344799502707,5.184449868674659,1081510800,25.08184032321841,73.1797652572278,76.4051278840666,254.43789174659352,0.0496554215531979,-26.8202347427722,255.27291073468,0.0,-1.6440156296572916,45015300.0,2.2338427300148123,1,255.27291073468,0.8330178085371288,1,0.002897021706325331
2025-10-24,AAPL,0.0,0.0,0.0,0.0,0.0,0.0,0.0,0.0,0.0,0.0,0.0,0.0,0.0,0.0,0.0,0.0,0.0,0.0,0.0,0.0,0.0,0.0,0.0,64.19720431125978,4.351314556049431,4.096537259451264,265.10264949274574,254.78151473999023,244.4603799872348,5.167361919702896,1119764500,24.887106666673105,88.39838996766899,76.48346864124746,254.73015043263416,0.0768199942913341,-11.601610032331,256.3948461174456,0.0,0.4372103072468825,32754900.0,2.0929780217987384,1,256.3948461174456,0.8039486770508338,1,0.004395042856434106
2025-10-27,AAPL,0.0,0.0,0.0,0.0,0.0,0.0,0.0,0.0,0.0,0.0,0.0,0.0,0.0,0.0,0.0,0.0,0.0,0.0,0.0,0.0,0.0,0.0,0.0,69.04487892494869,4.998609111728342,4.27695162990668,267.42889162103165,255.49981765747071,243.5707436939098,5.247825975401186,1164652700,25.34673124733195,98.76593240289868,86.7813625425985,255.5477423127434,0.1006942751714937,-1.234067597101319,258.2648162685477,0.0,1.2481878875396424,38253700.0,2.033477294321765,1,258.2648162685477,0.8022331081302079,1,0.007293321918981022
2025-10-28,AAPL,0.0,0.0,0.0,0.0,0.0,0.0,0.0,0.0,0.0,0.0,0.0,0.0,0.0,0.0,0.0,0.0,0.0,0.0,0.0,0.0,0.0,0.0,0.0,69.18739595408542,5.46392679768573,4.51434666346249,269.4482766188327,256.2176208496094,242.98696508038603,4.997148086336888,1206187500,25.86589461897904,96.5623230346092,94.57554846839228,256.30830353356515,0.0957201372864175,-3.437676965390808,259.87630167885527,0.0,2.279111912415832,44888200.0,1.450380187033436,1,259.87630167885527,0.7686746169082794,1,0.006239662969159232
2025-10-29,AAPL,0.0,0.0,0.0,0.0,0.0,0.0,0.0,0.0,0.0,0.0,0.0,0.0,0.0,0.0,0.0,0.0,0.0,0.0,0.0,0.0,0.0,0.0,0.0,69.7401527581298,5.822012835908765,4.775879897951745,271.34391990318744,256.92943115234374,242.5149424015001,4.947055638364938,1257274200,26.53322188956444,93.76143152239447,96.36322898663413,257.40685800139806,0.1470629884380039,-6.238568477605521,261.3474571522405,0.0,0.0706831434907684,41534800.0,1.4583993262256751,1,261.3474571522405,0.7908383485622419,1,0.00566098356749456
2025-10-30,AAPL,0.0,0.0,0.0,0.0,0.0,0.0,0.0,0.0,0.0,0.0,0.0,0.0,0.0,0.0,0.0,0.0,0.0,0.0,0.0,0.0,0.0,0.0,0.0,71.09621389907056,6.171696465237176,5.055043211408831,273.33033889552365,257.6422393798828,241.954139864242,4.997588950695707,1327160700,27.473531608953444,90.6928690145104,93.67220785717136,259.7193810605787,0.122920124464341,-9.307130985489596,262.853563128218,0.0,0.2602300349021202,51086700.0,0.9118745119301586,0,262.853563128218,0.7908383485622419,1,0.005762849167880724
2025-10-31,AAPL,0.0,0.0,0.0,0.0,0.0,0.0,0.0,0.0,0.0,0.0,0.0,0.0,0.0,0.0,0.0,0.0,0.0,0.0,0.0,0.0,0.0,0.0,0.0,69.07638013519187,6.293247589528448,5.302684087032755,274.8624764470579,258.25914154052737,241.6558066339969,5.222911245390724,1240993600,28.69110492060199,78.6940259196981,87.71610881886767,261.8892554426994,0.0271216043999616,-21.3059740803019,263.9696540772421,0.0,0.6303226049785504,69886500.0,0.8934422392555503,0,263.9696540772421,0.6966119576862503,1,0.004246056000692944
2025-11-03,AAPL,0.0,0.0,0.0,0.0,0.0,0.0,0.0,0.0,0.0,0.0,0.0,0.0,0.0,0.0,0.0,0.0,0.0,0.0,0.0,0.0,0.0,0.0,0.0,66.4700905489614,6.211564547977844,5.484460179221773,276.07138347971534,258.87654266357424,241.68170184743315,5.178099818453737,1190799000,29.06766062514769,74.30873968466628,81.2318782062916,263.08765738710537,0.0468512456339572,-25.69126031533372,264.71115786704144,0.0,-0.3795096741313286,86167100.0,1.0212152355197208,1,264.71115786704144,0.8237032416975248,1,0.002809049367403116
2025-11-04,AAPL,0.0,0.0,0.0,0.0,0.0,0.0,0.0,0.0,0.0,0.0,0.0,0.0,0.0,0.0,0.0,0.0,0.0,0.0,0.0,0.0,0.0,0.0,0.0,67.46168503569457,6.15567891460563,5.6187039262985445,277.3358612413654,259.5538848876953,241.7719085340252,5.084396045688535,1240073800,29.497535331552736,77.3842383678022,76.79566799072221,264.15005016106994,0.0564788923407489,-22.615761632197795,265.490744795249,0.0,-0.4882213161503057,50194600.0,0.4611565301561064,1,265.490744795249,0.8516562875690361,1,0.002945047479257168
2025-11-05,AAPL,0.1493759883883397,-0.0277888888888889,0.1041526374859708,0.062448622471865,0.2917014781567942,0.1111111111111111,0.6961159108198647,-0.4107837262296257,0.375253562755139,0.7651502979045234,9.0,82.44444444444444,-0.1728105651841714,0.4325328880832064,-0.1574040350068304,1.0,0.0,1.0,0.0,0.0,2.0,0.2222222222222222,-0.1348620617009985,67.56603672189,6.049714078668558,5.704905956772548,278.4726799724318,260.1572998046875,241.84191963694323,5.061610601531639,1283756900,29.709866764671453,76.10649175947881,75.93315660398244,265.3809402570912,0.0485128158225678,-23.893508240521182,266.165766742314,0.0,0.3679624582694218,49274800.0,0.4879210567853327,0,266.165766742314,0.7043181316778475,1,0.002542544176391548
2025-11-06,AAPL,0.9996966601012218,0.3327,0.2388888888888889,0.7017152149412955,0.1747259821173563,0.6666666666666666,0.8500278815673682,0.5430456375011772,0.1537529633671696,0.845411210609357,3.0,91.66666666666669,0.0,0.8500278815673682,0.0,0.0,0.0,0.0,1.0,0.8500278815673682,1.0,0.6666666666666666,-0.0051784554070227,66.7135721608791,5.868262084182675,5.737577182254573,279.4464172269465,260.9430381774902,242.4396591280339,5.093255777342459,1232552900,30.14274053077154,65.50931169866794,73.000013941983,266.6774989970723,0.0557568660885822,-34.49068830133205,266.68006847847244,0.062448622471865,0.0370357759487127,43683100.0,0.4771909944020484,0,266.68006847847244,0.5019152740173068,1,0.0019322610208409863
2025-11-07,AAPL,0.0044120949601911,-0.0320499999999999,0.06875,-0.0322972997189038,0.0120466396124625,0.25,-0.0159309216138844,-0.0573550946056798,0.0196716088527942,0.9880295724969024,4.0,85.0,0.0,0.0,0.0,0.0,1.0,0.0,0.0,0.0,0.0,0.0,0.0,63.673989747007454,5.555621141607787,5.701185974125216,279.3337322295126,262.1019142150879,244.87009620066323,5.123357040594411,1184325500,30.21971884717291,59.57055336247687,67.06211894020788,267.6321052175632,0.0877359240219375,-40.429446637523135,266.9154412441041,0.7017152149412955,-0.1369725924774245,51204000.0,0.3413165157792904,1,266.9154412441041,0.8401938747009157,1,0.0008826035142954769
2025-11-10,AAPL,0.5035257692493218,0.1212699999999999,0.1504545454545454,0.3265722111450503,0.3101193005612227,0.0,0.6654129667645571,-0.5460396254875757,0.4185827069569927,0.7380584750534496,10.0,84.3,0.0,0.6203521772086549,0.3924233744586328,0.0,0.0,0.0,0.0,0.0,3.0,0.7,-0.0799970383165048,65.27454809929475,5.344684647035592,5.629885708707291,279.3182535368463,263.20240631103513,247.086559085224,5.205261504212667,1225637900,30.54708461485125,65.14927700384987,63.40971402166489,268.0945761661291,0.0712773520841516,-34.850722996150125,267.302295310516,-0.0322972997189038,-0.4818903572332056,48227400.0,0.363153865895046,1,267.302295310516,0.8137443177505223,1,0.0014493506430679481
2025-11-11,AAPL,0.092868305467391,0.3022,0.4411458333333333,0.186141664919179,0.3598791218872419,0.0,0.6499344731069566,-0.2582097321769444,0.5066965481823248,0.716053092458077,4.0,99.5,0.0,0.0,0.0,0.0,0.0,0.0,0.0,0.0,2.0,1.0,0.4384252831183429,71.68415369261503,5.582787013082964,5.620465969582425,279.81800981183073,264.588404083252,249.3587983546731,5.296315038649486,1271846200,31.162924879619133,90.6619311575367,71.79392050795448,269.07574436530365,0.0897313879183053,-9.338068842463294,268.52501910889816,0.3265722111450503,0.4548679242277531,41312400.0,0.3817840181461396,0,268.52501910889816,0.7099074051156341,1,0.004574310882597521
2025-11-12,AAPL,0.7316808383011549,0.0639857142857142,0.0047619047619047,0.4200101420661964,0.2990263953202793,0.2857142857142857,0.7123920878890428,-0.5609549604365959,0.4473848348336114,0.7536479837157836,7.0,82.85714285714286,0.7123920878890428,0.045346496743889,0.561626269153137,1.0,0.0,0.0,1.0,-0.5609549604365959,1.0,0.2857142857142857,-0.9809651025027925,67.57591033243762,5.563718741830485,5.6091165240320375,279.72784317458866,265.8069778442383,251.886112513888,5.205863877267157,1223448200,31.734776554046444,80.23756417276033,78.6829241113823,269.8438868136612,0.0873320818670231,-19.762435827239667,269.2857855876374,0.186141664919179,2.1601185771556786,46208300.0,1.0366558230374625,0,269.2857855876374,0.5645802330413586,1,0.002833130712601273
2025-11-13,AAPL,0.9977945367009888,0.1165,0.0893939393939393,0.6104820990828493,0.2513626893041914,0.1666666666666666,0.7123318004015082,0.5564792025771341,0.0600061507992485,0.7795091385313665,6.0,90.66666666666669,0.0,0.5963929506659756,0.7123318004015082,0.0,0.0,0.0,1.0,0.6049027395205265,2.0,0.6666666666666666,-0.0058086019135263,66.3791049364895,5.443894405806077,5.576072100386845,278.41663361955096,267.0939605712891,255.7712875230272,5.163303305258118,1173845400,32.41092127101685,67.5975521310182,79.49901582043842,270.55053196141967,0.0488756445644127,-32.4024478689818,269.84951275985185,0.4200101420661964,-0.6466843884820661,48398000.0,1.137761001993005,0,269.84951275985185,0.5696178955869379,1,0.0020934160003442948
2025-11-14,AAPL,0.5963834826237289,-0.0088624999999999,0.1259848484848484,0.3401544828077045,0.1485310512986066,0.125,0.6788422081518624,-0.0754093922218134,0.3170085364480322,0.8672175236902497,8.0,77.0,0.0,0.0,-0.0218845321493802,0.0,0.0,1.0,0.0,0.0,1.0,0.125,-0.4155638750295179,65.08985800844565,5.244898652849543,5.509837410879385,277.3000840137171,268.1121780395508,258.92427206538446,5.24878059427986,1126414100,32.186163616339385,58.03134801859413,68.62215477412423,270.89195617429806,0.0126374851951368,-41.96865198140587,270.24343443712223,0.6104820990828493,-0.1901448097965996,49602800.0,1.142752112256399,0,270.24343443712223,0.6237060675570454,1,0.0014597827998339419
2025-11-17,AAPL,0.6033416631309478,0.16185,0.0520833333333333,0.3800306136622586,0.2473691267375405,0.125,0.6471810611912436,-0.4261306410594167,0.3550728620539236,0.7865630973397875,8.0,97.0,0.0,-0.4261306410594167,0.6338756650184223,0.0,0.0,0.0,0.0,0.0,1.0,0.125,-0.8061612547216753,54.61785669239183,4.634346605922701,5.334739249888048,277.1435637798901,268.38587646484376,259.62818914979744,5.351010028672817,1081395800,30.832964829659485,15.28058973632728,46.96982996197988,270.82854588624485,-0.046680599418812,-84.71941026367271,269.8152124398847,0.3401544828077045,-0.1978415536806332,47431300.0,1.1030678299237215,0,269.8152124398847,0.752868234514933,1,-0.0015845787266930422
2025-11-18,AAPL,0.4708898941825055,0.0980799999999999,-0.0392045454545454,0.2652736046530324,0.2058620196139609,0.2,0.7678959583633258,-0.5849119345582863,0.4191639053006054,0.8248722340741772,10.0,100.3,0.4722325220846486,0.3626773922717514,0.2635307515990668,1.0,0.0,0.0,0.0,0.0,2.0,0.3,-0.1052054954270681,54.57966956021232,4.101586230676617,5.088108646045763,276.9832246342824,268.63210144042966,260.2809782465769,5.353793893114713,1035718500,29.4636245447082,18.07107406061056,30.46100393851066,270.75751923240057,-0.0348643669307552,-81.92892593938944,269.4497955170419,0.3800306136622586,-1.817118365877313,45018300.0,1.4461886826218684,1,269.4497955170419,0.7215810886065273,1,-0.001354322906920058
2025-11-19,AAPL,0.3206065749133036,0.3134,0.1949074074074074,0.2805626518072572,0.3602859954175914,0.1666666666666666,0.8660101855217586,-0.3975857165812361,0.5569545249544423,0.7078402869646454,6.0,103.83333333333331,0.8660101855217586,-0.3975857165812361,0.0,1.0,0.0,0.0,0.0,0.0,1.0,0.5,-0.675916388156885,56.41830633486802,3.7267839946819663,4.815843715773004,275.99861737754463,269.1501159667969,262.3016145560491,5.450665147540671,1076143000,28.520721890057025,27.61803695034984,20.32323358242923,270.6085258876973,-0.0300689515076513,-72.38196304965017,269.3129035234345,0.2652736046530324,-0.0074736462687852,45677300.0,0.7349141663349227,0,269.3129035234345,0.6753363683772433,1,-0.0005080426702298579
2025-11-20,AAPL,-0.158478554925234,0.2246333333333333,0.1622775372775372,-0.0385705972990856,0.2360480691627718,0.3333333333333333,0.7087400001769628,-0.7379663795894508,0.6068814329832566,0.7995743501404107,6.0,83.33333333333333,-0.5393472334748193,0.6477707149940968,0.1370430471786623,0.0,0.0,0.0,0.0,0.0,2.0,0.6666666666666666,0.4614621209768981,51.76401384274943,3.2063917367962063,4.493953319977645,274.8639184761137,269.4961868286133,264.1284551811129,5.740616154719686,1030319400,28.28793170884426,8.172164119066775,17.953758376675726,270.32325236927267,-0.0797506745180306,-91.82783588093322,268.84168759675225,0.2805626518072572,0.4187836924032684,40424500.0,0.852805846597824,1,268.84168759675225,0.8977773131644962,1,-0.001749696804413392
